AU2017_NAME,Closest_Medical_Hospital,Distance_Medical_Hospital,Closest_Childrens_Health_Hospital,Distance_Childrens_Health_Hospital,Closest_Dementia_Care_Hospital,Distance_Dementia_Care_Hospital,Closest_Geriatric_Hospital,Distance_Geriatric_Hospital,Closest_Maternity_Hospital,Distance_Maternity_Hospital,Closest_Mental_Health_Hospital,Distance_Mental_Health_Hospital,Closest_Psychogeriatric_Hospital,Distance_Psychogeriatric_Hospital,Closest_Surgical_Hospital,Distance_Surgical_Hospital
Addington,Christchurch Hospital,1.1155846354231373,Christchurch Hospital,1.1155846354231373,Tuarangi Home,80.46118295067595,Burwood Hospital,8.541567426524404,Christchurch Hospital,1.1155846354231373,Hillmorton Hospital,2.2280962845537866,Burwood Hospital,8.541567426524404,Christchurch Hospital,1.1155846354231373
Aidanfield,Christchurch Hospital,5.634096913542429,Christchurch Hospital,5.634096913542429,Tuarangi Home,75.72291732916905,Burwood Hospital,13.017730683676124,Christchurch Hospital,5.634096913542429,Hillmorton Hospital,2.5123013452969905,Burwood Hospital,13.017730683676124,Christchurch Hospital,5.634096913542429
Akaroa,Christchurch Hospital,40.86620626804826,Christchurch Hospital,40.86620626804826,Tuarangi Home,97.83187948992679,Burwood Hospital,42.654874848907596,Christchurch Hospital,40.86620626804826,The Princess Margaret Hospital,38.19627135820222,Burwood Hospital,42.654874848907596,Christchurch Hospital,40.86620626804826
Akaroa Harbour,Christchurch Hospital,36.54266867256354,Christchurch Hospital,36.54266867256354,Tuarangi Home,96.2529351073384,Burwood Hospital,38.204222413968026,Christchurch Hospital,36.54266867256354,The Princess Margaret Hospital,33.984701456657135,Burwood Hospital,38.204222413968026,Forte Health Hospital,36.519275894000806
Allenton East,Ashburton Hospital,0.6172598716648241,Timaru Hospital,69.67122853447206,Tuarangi Home,1.5543963631276398,Tuarangi Home,1.5543963631276398,Ashburton Hospital,0.6172598716648241,Timaru Hospital,69.67122853447206,Burwood Hospital,87.60100521592703,Bidwill Trust Hospital,69.08848271214079
Allenton West,Ashburton Hospital,0.5541104237222975,Timaru Hospital,69.3356647114834,Tuarangi Home,1.9546276944472325,Tuarangi Home,1.9546276944472325,Ashburton Hospital,0.5541104237222975,Timaru Hospital,69.3356647114834,Burwood Hospital,88.25367582355098,Bidwill Trust Hospital,68.73174826474532
Amberley,Rangiora Hospital,18.531147088965767,Christchurch Hospital,42.87971946122185,Tuarangi Home,114.65436300198655,Waikari Hospital,21.15364500585829,Rangiora Hospital,18.531147088965767,Hillmorton Hospital,45.43467160854468,Burwood Hospital,36.42680470330236,Burwood Hospital,36.42680470330236
Amuri,Waikari Hospital,42.1627976742498,Christchurch Hospital,105.27627207142092,Tuarangi Home,165.94554211813292,Waikari Hospital,42.1627976742498,Rangiora Hospital,78.46580496607646,Hillmorton Hospital,107.5569145067315,Burwood Hospital,99.23864703901573,Burwood Hospital,99.23864703901573
Aorangi,Nurse Maude Hospice,2.579613241405245,Christchurch Hospital,4.570548933066916,Tuarangi Home,81.3405298594992,Burwood Hospital,7.421495229674957,St George's Hospital,2.3078419119049505,Hillmorton Hospital,5.956151934795589,Burwood Hospital,7.421495229674957,St George's Hospital,2.3078419119049505
Aranui,Burwood Hospital,3.5573347318204647,Christchurch Hospital,6.781855578996259,Tuarangi Home,88.03924318762218,Burwood Hospital,3.5573347318204647,St George's Hospital,6.719703678917886,The Princess Margaret Hospital,9.512387464161595,Burwood Hospital,3.5573347318204647,Burwood Hospital,3.5573347318204647
Ashburton Central East,Tuarangi Home,0.23184588781852422,Timaru Hospital,68.3387651664485,Tuarangi Home,0.23184588781852422,Tuarangi Home,0.23184588781852422,Ashburton Hospital,1.264827267330429,Timaru Hospital,68.3387651664485,Burwood Hospital,88.5428549764755,Bidwill Trust Hospital,67.7743519718152
Ashburton Central West,Tuarangi Home,0.6711537492071875,Timaru Hospital,68.56894590648949,Tuarangi Home,0.6711537492071875,Tuarangi Home,0.6711537492071875,Ashburton Hospital,0.7901824762178764,Timaru Hospital,68.56894590648949,Burwood Hospital,88.50368248612077,Bidwill Trust Hospital,67.99310886062322
Ashburton East,Tuarangi Home,1.6649514744674325,Timaru Hospital,68.52227819253504,Tuarangi Home,1.6649514744674325,Tuarangi Home,1.6649514744674325,Ashburton Hospital,2.9410354368348983,Timaru Hospital,68.52227819253504,Burwood Hospital,87.67197569395421,Bidwill Trust Hospital,68.00764555370263
Ashburton North,Ashburton Hospital,2.551781629041185,Timaru Hospital,71.63600119337546,Tuarangi Home,3.3075383658635022,Tuarangi Home,3.3075383658635022,Ashburton Hospital,2.551781629041185,Timaru Hospital,71.63600119337546,Burwood Hospital,85.73385501090195,Bidwill Trust Hospital,71.05759438717298
Ashley,Rangiora Hospital,4.0617431559016905,Christchurch Hospital,30.63100601455443,Tuarangi Home,100.23482682057877,Burwood Hospital,25.35960245023703,Rangiora Hospital,4.0617431559016905,Hillmorton Hospital,32.77515330366476,Burwood Hospital,25.35960245023703,Burwood Hospital,25.35960245023703
Ashley Gorge,Oxford Hospital,0.13476101764894166,Christchurch Hospital,43.343129090035895,Tuarangi Home,75.73323903231343,Oxford Hospital,0.13476101764894166,Rangiora Hospital,32.42147924053323,Hillmorton Hospital,42.78648621975591,Burwood Hospital,44.37513664625379,St George's Hospital,41.434671207146394
Aviemore,Hospice South Canterbury,93.24441124745549,Timaru Hospital,95.8573492093883,Tuarangi Home,153.39115508206746,Tuarangi Home,153.39115508206746,Timaru Hospital,95.8573492093883,Timaru Hospital,95.8573492093883,Burwood Hospital,241.74471470392524,Bidwill Trust Hospital,95.08923921897097
Avon Loop,Southern Cross Hospital Christchurch,0.8928529781291444,Christchurch Hospital,1.7398419746007394,Tuarangi Home,83.06331049708373,Burwood Hospital,5.850575087729861,Christchurch Hospital,1.7398419746007394,Hillmorton Hospital,4.873279385345006,Burwood Hospital,5.850575087729861,Forte Health Hospital,0.451536921267359
Avondale,Burwood Hospital,3.012686326919482,Christchurch Hospital,6.193027435606738,Tuarangi Home,87.50884257719761,Burwood Hospital,3.012686326919482,St George's Hospital,5.936696811351768,The Princess Margaret Hospital,9.196196128285537,Burwood Hospital,3.012686326919482,Burwood Hospital,3.012686326919482
Avonhead,Nurse Maude Hospice,5.236341067662738,Christchurch Hospital,5.513333140902042,Tuarangi Home,77.57375565285271,Burwood Hospital,10.969920114605578,St George's Hospital,5.043007629583414,Hillmorton Hospital,4.597018695600368,Burwood Hospital,10.969920114605578,St George's Hospital,5.043007629583414
Avonhead West,Nurse Maude Hospice,6.682369642853153,Christchurch Hospital,6.979673403164593,Tuarangi Home,76.38936616837937,Burwood Hospital,12.318152506889469,St George's Hospital,6.476872952848388,Hillmorton Hospital,5.727738898830176,Burwood Hospital,12.318152506889469,St George's Hospital,6.476872952848388
Avonside,Southern Cross Hospital Christchurch,3.060124417482715,Christchurch Hospital,3.9884027023275404,Tuarangi Home,85.20969182768968,Burwood Hospital,4.690645316698511,Christchurch Hospital,3.9884027023275404,The Princess Margaret Hospital,6.831239035177434,Burwood Hospital,4.690645316698511,Forte Health Hospital,2.8062367674682727
Banks Peninsula Eastern Bays,Christchurch Hospital,35.43480880332887,Christchurch Hospital,35.43480880332887,Tuarangi Home,99.36458922978042,Burwood Hospital,36.1661276712458,Christchurch Hospital,35.43480880332887,The Princess Margaret Hospital,33.35537534701136,Burwood Hospital,36.1661276712458,Forte Health Hospital,35.23384577726131
Barrington North,Christchurch Hospital,2.536133931651033,Christchurch Hospital,2.536133931651033,Tuarangi Home,79.13849233772457,Burwood Hospital,9.986587363262538,Christchurch Hospital,2.536133931651033,Hillmorton Hospital,1.12441902593167,Burwood Hospital,9.986587363262538,Christchurch Hospital,2.536133931651033
Barrington South,Christchurch Hospital,3.403797398148882,Christchurch Hospital,3.403797398148882,Tuarangi Home,79.21980552694436,Burwood Hospital,10.546168064099842,Christchurch Hospital,3.403797398148882,The Princess Margaret Hospital,0.7911504363768572,Burwood Hospital,10.546168064099842,Christchurch Hospital,3.403797398148882
Beckenham,Christchurch Hospital,3.1651073601860147,Christchurch Hospital,3.1651073601860147,Tuarangi Home,81.07045869568695,Burwood Hospital,9.299246801115906,Christchurch Hospital,3.1651073601860147,The Princess Margaret Hospital,2.2003363277138157,Burwood Hospital,9.299246801115906,Christchurch Hospital,3.1651073601860147
Belfast,Burwood Hospital,5.54542448472823,Christchurch Hospital,9.15755188703108,Tuarangi Home,86.6271453852608,Burwood Hospital,5.54542448472823,St George's Hospital,6.504385153872477,Hillmorton Hospital,11.553792203262056,Burwood Hospital,5.54542448472823,Burwood Hospital,5.54542448472823
Belfast South,Nurse Maude Hospice,5.6404376347928045,Christchurch Hospital,8.199739163268429,Tuarangi Home,85.49748943845351,Burwood Hospital,5.646626910118639,St George's Hospital,5.4981873731494035,Hillmorton Hospital,10.466891111958995,Burwood Hospital,5.646626910118639,St George's Hospital,5.4981873731494035
Ben Mcleod,Ashburton Hospital,39.271718213647965,Timaru Hospital,61.20198264320488,Tuarangi Home,39.99718493957518,Tuarangi Home,39.99718493957518,Ashburton Hospital,39.271718213647965,Timaru Hospital,61.20198264320488,Burwood Hospital,121.93105929138915,Bidwill Trust Hospital,59.6994680718201
Bexley,Burwood Hospital,4.403240435699464,Christchurch Hospital,7.07944752082832,Tuarangi Home,88.17837799163092,Burwood Hospital,4.403240435699464,Christchurch Hospital,7.07944752082832,The Princess Margaret Hospital,9.461041278358607,Burwood Hospital,4.403240435699464,Burwood Hospital,4.403240435699464
Bishopdale,Nurse Maude Hospice,3.450885535450766,Christchurch Hospital,5.399863569958609,Tuarangi Home,81.06508974034315,Burwood Hospital,7.986092465952551,St George's Hospital,3.1791768938078557,Hillmorton Hospital,6.533466954605731,Burwood Hospital,7.986092465952551,St George's Hospital,3.1791768938078557
Bishopdale North,Nurse Maude Hospice,4.9969453943651265,Christchurch Hospital,7.10665097072437,Tuarangi Home,81.35912623667613,Burwood Hospital,8.605831874502666,St George's Hospital,4.731330462485272,Hillmorton Hospital,8.188981483732382,Burwood Hospital,8.605831874502666,St George's Hospital,4.731330462485272
Bromley,Southern Cross Hospital Christchurch,5.304486261810541,Christchurch Hospital,5.826681995255441,Tuarangi Home,86.340580342002,Burwood Hospital,5.976659448588732,Christchurch Hospital,5.826681995255441,The Princess Margaret Hospital,7.474553647158682,Burwood Hospital,5.976659448588732,Forte Health Hospital,4.910492431155523
Broomfield,Nurse Maude Hospice,6.957933046380383,Christchurch Hospital,7.000458155629211,Tuarangi Home,75.88742763346403,Burwood Hospital,12.701643965753137,St George's Hospital,6.770418021464204,Hillmorton Hospital,5.437402182016456,Burwood Hospital,12.701643965753137,St George's Hospital,6.770418021464204
Bryndwr,Nurse Maude Hospice,2.1598832241599237,Christchurch Hospital,3.2767864956003145,Tuarangi Home,80.52562367080114,Burwood Hospital,7.914480621410945,St George's Hospital,1.954405453526091,Hillmorton Hospital,4.363319667351805,Burwood Hospital,7.914480621410945,St George's Hospital,1.954405453526091
Burnham Military Camp,Ellesmere Hospital,15.61655126757964,Christchurch Hospital,27.06548301063564,Tuarangi Home,54.97214536241074,Ellesmere Hospital,15.61655126757964,Lincoln Maternity Hospital,14.616084958128171,Hillmorton Hospital,24.166688804389587,Burwood Hospital,33.71072134839574,Christchurch Hospital,27.06548301063564
Burnside,Nurse Maude Hospice,4.161426581588528,Christchurch Hospital,5.5055510983208915,Tuarangi Home,79.59524001277296,Burwood Hospital,9.302431293358616,St George's Hospital,3.9044326007322567,Hillmorton Hospital,5.879345895301509,Burwood Hospital,9.302431293358616,St George's Hospital,3.9044326007322567
Burwood,Burwood Hospital,2.9006008987029244,Christchurch Hospital,4.8227455146188225,Tuarangi Home,86.09303536225542,Burwood Hospital,2.9006008987029244,St George's Hospital,4.180683296655885,Hillmorton Hospital,7.96858220117566,Burwood Hospital,2.9006008987029244,Burwood Hospital,2.9006008987029244
Camside,Burwood Hospital,11.277406535977004,Christchurch Hospital,17.81481444847814,Tuarangi Home,95.22166020434547,Burwood Hospital,11.277406535977004,Rangiora Hospital,12.756445092513882,Hillmorton Hospital,20.558155941152176,Burwood Hospital,11.277406535977004,Burwood Hospital,11.277406535977004
Casebrook,Nurse Maude Hospice,3.3145970788642676,Christchurch Hospital,5.690564117478925,Tuarangi Home,82.45179938637472,Burwood Hospital,6.8190167924653275,St George's Hospital,3.0702694487461946,Hillmorton Hospital,7.394527008119999,Burwood Hospital,6.8190167924653275,St George's Hospital,3.0702694487461946
Cashmere East,Christchurch Hospital,6.213541469141825,Christchurch Hospital,6.213541469141825,Tuarangi Home,79.65323722275976,Burwood Hospital,12.303289446564555,Christchurch Hospital,6.213541469141825,The Princess Margaret Hospital,2.64582738175991,Burwood Hospital,12.303289446564555,Christchurch Hospital,6.213541469141825
Cashmere West,Christchurch Hospital,5.137815319556525,Christchurch Hospital,5.137815319556525,Tuarangi Home,79.55135288049492,Burwood Hospital,11.559675836507532,Christchurch Hospital,5.137815319556525,The Princess Margaret Hospital,1.539599784282187,Burwood Hospital,11.559675836507532,Christchurch Hospital,5.137815319556525
Cathedral Square,Christchurch Hospital,1.0972904045446332,Christchurch Hospital,1.0972904045446332,Tuarangi Home,82.1723016701095,Burwood Hospital,6.988789518558638,Christchurch Hospital,1.0972904045446332,Hillmorton Hospital,3.937942421481362,Burwood Hospital,6.988789518558638,Forte Health Hospital,1.0698566256121502
Chertsey,Ashburton Hospital,13.245012212782921,Christchurch Hospital,68.0431759160761,Tuarangi Home,13.285221856645553,Tuarangi Home,13.285221856645553,Ashburton Hospital,13.245012212782921,Hillmorton Hospital,64.95174059942704,Burwood Hospital,75.126889042428,Christchurch Hospital,68.0431759160761
Cheviot,Waikari Hospital,50.156765282988694,Christchurch Hospital,95.27353906986656,Tuarangi Home,172.18686737984189,Waikari Hospital,50.156765282988694,Kaikoura Hospital,56.93277837910077,Hillmorton Hospital,98.31701317220377,Burwood Hospital,87.8353058580372,Burwood Hospital,87.8353058580372
Clarkville,Burwood Hospital,9.599686740383902,Christchurch Hospital,14.773702283032796,Tuarangi Home,90.70472520341697,Burwood Hospital,9.599686740383902,St George's Hospital,12.144874275242614,Hillmorton Hospital,17.18616998772179,Burwood Hospital,9.599686740383902,Burwood Hospital,9.599686740383902
Coldstream,Rangiora Hospital,5.791340897014438,Christchurch Hospital,26.883829431386783,Tuarangi Home,100.0090181314167,Burwood Hospital,20.96262006155415,Rangiora Hospital,5.791340897014438,Hillmorton Hospital,29.309471984498526,Burwood Hospital,20.96262006155415,Burwood Hospital,20.96262006155415
Courtenay,Burwood Hospital,10.434130149845242,Christchurch Hospital,16.264261770094798,Tuarangi Home,92.70872642107723,Burwood Hospital,10.434130149845242,Rangiora Hospital,12.390974666854264,Hillmorton Hospital,18.821538059412173,Burwood Hospital,10.434130149845242,Burwood Hospital,10.434130149845242
Culverden,Waikari Hospital,24.594046267761573,Christchurch Hospital,85.81001383915884,Tuarangi Home,153.2236603091659,Waikari Hospital,24.594046267761573,Rangiora Hospital,60.31001802588746,Hillmorton Hospital,88.36508908184803,Burwood Hospital,79.22741780693173,Burwood Hospital,79.22741780693173
Cust,Rangiora Hospital,15.774757902160195,Christchurch Hospital,30.7079475673523,Tuarangi Home,84.12485468912078,Oxford Hospital,16.86608815198,Rangiora Hospital,15.774757902160195,Hillmorton Hospital,31.154773257710403,Burwood Hospital,29.73692342693288,St George's Hospital,28.298631991113588
Dallington,Southern Cross Hospital Christchurch,3.195603844706099,Christchurch Hospital,4.4464300877537335,Tuarangi Home,85.76920225129257,Burwood Hospital,3.7213812119327696,St George's Hospital,4.361563697993105,Hillmorton Hospital,7.550501085757385,Burwood Hospital,3.7213812119327696,Forte Health Hospital,3.1354952291838853
Darfield,Darfield Hospital,0.6280263710985577,Christchurch Hospital,41.76919358944443,Tuarangi Home,54.56522554113767,Darfield Hospital,0.6280263710985577,Lincoln Maternity Hospital,34.55137040874699,Hillmorton Hospital,39.74955484706196,Burwood Hospital,46.21205853319881,St George's Hospital,41.08688040054478
Deans Bush,Christchurch Hospital,2.5414027309436906,Christchurch Hospital,2.5414027309436906,Tuarangi Home,79.91714556935229,Burwood Hospital,8.477254458800752,St George's Hospital,2.4684748927965785,Hillmorton Hospital,3.155842425752843,Burwood Hospital,8.477254458800752,St George's Hospital,2.4684748927965785
Diamond Harbour,Christchurch Hospital,13.743037416868274,Christchurch Hospital,13.743037416868274,Tuarangi Home,82.55490567819065,Burwood Hospital,17.716975272781504,Christchurch Hospital,13.743037416868274,The Princess Margaret Hospital,10.71400458579619,Burwood Hospital,17.716975272781504,Christchurch Hospital,13.743037416868274
Dunsandel,Ellesmere Hospital,14.19374674648949,Christchurch Hospital,38.09232059764537,Tuarangi Home,44.07607461375445,Ellesmere Hospital,14.19374674648949,Lincoln Maternity Hospital,24.566072580469175,Hillmorton Hospital,35.144033805765595,Burwood Hospital,44.791508135118974,Christchurch Hospital,38.09232059764537
Duntroon,Hospice South Canterbury,67.04778617556393,Timaru Hospital,67.28266304896796,Tuarangi Home,135.44551715932465,Tuarangi Home,135.44551715932465,Timaru Hospital,67.28266304896796,Timaru Hospital,67.28266304896796,Burwood Hospital,220.75661172376695,Timaru Hospital,67.28266304896796
Edgeware,Southern Cross Hospital Christchurch,1.2226451910626481,Christchurch Hospital,2.7719518340898595,Tuarangi Home,83.9645546584227,Burwood Hospital,4.710107623071707,St George's Hospital,2.3533110073460435,Hillmorton Hospital,5.9070574345732405,Burwood Hospital,4.710107623071707,Southern Cross Hospital Christchurch,1.2226451910626481
Ensors,Christchurch Hospital,3.558978217097225,Christchurch Hospital,3.558978217097225,Tuarangi Home,83.64403774632666,Burwood Hospital,7.113532842435857,Christchurch Hospital,3.558978217097225,The Princess Margaret Hospital,4.82011579223863,Burwood Hospital,7.113532842435857,Forte Health Hospital,3.134791156130548
Eyrewell,Oxford Hospital,17.08275473232797,Christchurch Hospital,26.446557738218324,Tuarangi Home,76.37291686674172,Oxford Hospital,17.08275473232797,Rangiora Hospital,20.80080873683755,Hillmorton Hospital,26.12042053084448,Burwood Hospital,27.50480134797689,St George's Hospital,24.467215093112397
Fairlie,Hospice South Canterbury,44.45726815992886,Timaru Hospital,48.50360720415594,Tuarangi Home,76.9413676392863,Tuarangi Home,76.9413676392863,Timaru Hospital,48.50360720415594,Timaru Hospital,48.50360720415594,Burwood Hospital,163.82437935404673,Bidwill Trust Hospital,46.63943930317418
Fairton,Ashburton Hospital,4.554043137255313,Timaru Hospital,72.9460176473697,Tuarangi Home,4.703238435814287,Tuarangi Home,4.703238435814287,Ashburton Hospital,4.554043137255313,Timaru Hospital,72.9460176473697,Burwood Hospital,83.72626751807745,Bidwill Trust Hospital,72.41773651786885
Fairview-Scarborough,Timaru Hospital,2.5882325541163502,Timaru Hospital,2.5882325541163502,Tuarangi Home,70.84606960297432,Tuarangi Home,70.84606960297432,Timaru Hospital,2.5882325541163502,Timaru Hospital,2.5882325541163502,Burwood Hospital,156.30072767393696,Timaru Hospital,2.5882325541163502
Fendalton,Nurse Maude Hospice,3.1222474857061524,Christchurch Hospital,3.7573065763237565,Tuarangi Home,79.54469621423252,Burwood Hospital,8.906264321744954,St George's Hospital,2.932141288886063,Hillmorton Hospital,4.055997049296382,Burwood Hospital,8.906264321744954,St George's Hospital,2.932141288886063
Fernside,Rangiora Hospital,4.72020053718773,Christchurch Hospital,25.2634340777619,Tuarangi Home,91.59911440713367,Burwood Hospital,21.720899217083062,Rangiora Hospital,4.72020053718773,Hillmorton Hospital,26.832621309715876,Burwood Hospital,21.720899217083062,Burwood Hospital,21.720899217083062
Ferrymead,Southern Cross Hospital Christchurch,5.526489423279177,Christchurch Hospital,5.540080914663927,Tuarangi Home,85.08233251508804,Burwood Hospital,7.515798450756173,Christchurch Hospital,5.540080914663927,The Princess Margaret Hospital,6.216696599003802,Burwood Hospital,7.515798450756173,Forte Health Hospital,4.989387911446685
Fraser Park,Hospice South Canterbury,1.748351004576089,Timaru Hospital,2.339019708141736,Tuarangi Home,68.36781099968589,Tuarangi Home,68.36781099968589,Timaru Hospital,2.339019708141736,Timaru Hospital,2.339019708141736,Burwood Hospital,154.19285960191695,Bidwill Trust Hospital,0.7400765008221364
Geraldine,Hospice South Canterbury,32.59726066237358,Timaru Hospital,35.0231868699386,Tuarangi Home,45.752726715858785,Tuarangi Home,45.752726715858785,Timaru Hospital,35.0231868699386,Timaru Hospital,35.0231868699386,Burwood Hospital,134.04181342108095,Bidwill Trust Hospital,33.4913425446314
Gleniti,Hospice South Canterbury,1.3441981307564836,Timaru Hospital,5.244671548249465,Tuarangi Home,69.20800773348103,Tuarangi Home,69.20800773348103,Timaru Hospital,5.244671548249465,Timaru Hospital,5.244671548249465,Burwood Hospital,155.56335963606128,Bidwill Trust Hospital,3.6167459117500864
Glenwood,Hospice South Canterbury,0.48535033701104635,Timaru Hospital,4.3752758852944575,Tuarangi Home,68.80917418849634,Tuarangi Home,68.80917418849634,Timaru Hospital,4.3752758852944575,Timaru Hospital,4.3752758852944575,Burwood Hospital,155.0206368387095,Bidwill Trust Hospital,2.7093686844642746
Governors Bay,Christchurch Hospital,11.74034747843423,Christchurch Hospital,11.74034747843423,Tuarangi Home,77.60297037159302,Burwood Hospital,17.670135711449976,Christchurch Hospital,11.74034747843423,The Princess Margaret Hospital,7.761053026734619,Burwood Hospital,17.670135711449976,Christchurch Hospital,11.74034747843423
Hagley Park,Christchurch Hospital,0.6359606752017103,Christchurch Hospital,0.6359606752017103,Tuarangi Home,81.66604281486536,Burwood Hospital,6.987447864128732,Christchurch Hospital,0.6359606752017103,Hillmorton Hospital,3.6113128190060517,Burwood Hospital,6.987447864128732,Christchurch Hospital,0.6359606752017103
Halswell Domain,Christchurch Hospital,6.814485190929162,Christchurch Hospital,6.814485190929162,Tuarangi Home,74.89401428072209,Burwood Hospital,14.292921400482966,Christchurch Hospital,6.814485190929162,Hillmorton Hospital,3.72047605398786,Burwood Hospital,14.292921400482966,Christchurch Hospital,6.814485190929162
Halswell South,Christchurch Hospital,7.328803912656474,Christchurch Hospital,7.328803912656474,Tuarangi Home,74.50643448738181,Burwood Hospital,14.808175053362916,Christchurch Hospital,7.328803912656474,Hillmorton Hospital,4.261195586404726,Burwood Hospital,14.808175053362916,Christchurch Hospital,7.328803912656474
Halswell West,Christchurch Hospital,8.303774864164495,Christchurch Hospital,8.303774864164495,Tuarangi Home,73.02934269415172,Burwood Hospital,15.600742087447355,Lincoln Maternity Hospital,7.781163110889719,Hillmorton Hospital,5.209487805374193,Burwood Hospital,15.600742087447355,Christchurch Hospital,8.303774864164495
Hampstead,Tuarangi Home,0.48414382552761664,Timaru Hospital,68.245269444137,Tuarangi Home,0.48414382552761664,Tuarangi Home,0.48414382552761664,Ashburton Hospital,1.8851783522298409,Timaru Hospital,68.245269444137,Burwood Hospital,88.3683077111943,Bidwill Trust Hospital,67.69878694402884
Hanmer Springs,Waikari Hospital,50.73718816633038,Christchurch Hospital,113.54051628306443,Tuarangi Home,176.66055405665452,Waikari Hospital,50.73718816633038,Kaikoura Hospital,71.15403965043792,Hillmorton Hospital,115.97250966657494,Burwood Hospital,107.17784614351292,Burwood Hospital,107.17784614351292
Harewood,Nurse Maude Hospice,4.9406109136167675,Christchurch Hospital,6.859667357161472,Tuarangi Home,80.67503327423955,Burwood Hospital,9.025335221080493,St George's Hospital,4.669373028484522,Hillmorton Hospital,7.692045233106006,Burwood Hospital,9.025335221080493,St George's Hospital,4.669373028484522
Hawthornden,Nurse Maude Hospice,5.78081676676216,Christchurch Hospital,6.658476992060739,Tuarangi Home,77.8756109563167,Burwood Hospital,11.096364544609457,St George's Hospital,5.541089233122842,Hillmorton Hospital,6.18359258559032,Burwood Hospital,11.096364544609457,St George's Hospital,5.541089233122842
Heathcote Valley,Christchurch Hospital,7.40323884980589,Christchurch Hospital,7.40323884980589,Tuarangi Home,84.84509367738369,Burwood Hospital,9.942829206434732,Christchurch Hospital,7.40323884980589,The Princess Margaret Hospital,6.6448374390541876,Burwood Hospital,9.942829206434732,Forte Health Hospital,7.163757450194707
Hendersons Basin,Christchurch Hospital,5.642846711909963,Christchurch Hospital,5.642846711909963,Tuarangi Home,76.30382654795285,Burwood Hospital,13.103108636240156,Christchurch Hospital,5.642846711909963,The Princess Margaret Hospital,2.6925212150796773,Burwood Hospital,13.103108636240156,Christchurch Hospital,5.642846711909963
Highfield,Hospice South Canterbury,0.8542830456669233,Timaru Hospital,3.255304776656525,Tuarangi Home,68.2075088399366,Tuarangi Home,68.2075088399366,Timaru Hospital,3.255304776656525,Timaru Hospital,3.255304776656525,Burwood Hospital,154.21959610146047,Bidwill Trust Hospital,1.4819796647987107
Highfield Park,Burwood Hospital,2.76435282000431,Christchurch Hospital,6.414578044729934,Tuarangi Home,86.25549707297381,Burwood Hospital,2.76435282000431,St George's Hospital,4.186592527467677,Hillmorton Hospital,9.266555870931153,Burwood Hospital,2.76435282000431,Burwood Hospital,2.76435282000431
Hillmorton,Christchurch Hospital,3.9493003925340853,Christchurch Hospital,3.9493003925340853,Tuarangi Home,77.46573183079316,Burwood Hospital,11.403925288628942,Christchurch Hospital,3.9493003925340853,Hillmorton Hospital,0.8058976028928783,Burwood Hospital,11.403925288628942,Christchurch Hospital,3.9493003925340853
Hinds,Ashburton Hospital,13.555717564716506,Timaru Hospital,58.11298428143424,Tuarangi Home,13.644983982365979,Tuarangi Home,13.644983982365979,Ashburton Hospital,13.555717564716506,Timaru Hospital,58.11298428143424,Burwood Hospital,101.67421626531431,Bidwill Trust Hospital,57.30760945655604
Holmwood,Nurse Maude Hospice,1.7027489806704597,Christchurch Hospital,2.2010083259882447,Tuarangi Home,80.78022580314658,Burwood Hospital,7.614385745308841,St George's Hospital,1.6201024150074412,Hillmorton Hospital,3.7028753877812046,Burwood Hospital,7.614385745308841,St George's Hospital,1.6201024150074412
Hoon Hay,Christchurch Hospital,3.6199285237815797,Christchurch Hospital,3.6199285237815797,Tuarangi Home,78.249852218672,Burwood Hospital,11.0527791265939,Christchurch Hospital,3.6199285237815797,Hillmorton Hospital,1.2858045521619,Burwood Hospital,11.0527791265939,Christchurch Hospital,3.6199285237815797
Hoon Hay South,Christchurch Hospital,4.142337438467833,Christchurch Hospital,4.142337438467833,Tuarangi Home,78.4213108362,Burwood Hospital,11.379445547891011,Christchurch Hospital,4.142337438467833,The Princess Margaret Hospital,0.632406529386409,Burwood Hospital,11.379445547891011,Christchurch Hospital,4.142337438467833
Hornby North,Christchurch Hospital,8.007243424972605,Christchurch Hospital,8.007243424972605,Tuarangi Home,74.17534831116829,Burwood Hospital,14.286974966574801,Christchurch Hospital,8.007243424972605,Hillmorton Hospital,5.777144421941054,Burwood Hospital,14.286974966574801,Christchurch Hospital,8.007243424972605
Hornby South,Christchurch Hospital,7.792511376124553,Christchurch Hospital,7.792511376124553,Tuarangi Home,74.06765049569474,Burwood Hospital,14.337375245061999,Christchurch Hospital,7.792511376124553,Hillmorton Hospital,5.351725118431012,Burwood Hospital,14.337375245061999,Christchurch Hospital,7.792511376124553
Hurunui,Waikari Hospital,12.321151789645754,Christchurch Hospital,65.84511387913825,Tuarangi Home,136.67357795344935,Waikari Hospital,12.321151789645754,Rangiora Hospital,41.45786571608219,Hillmorton Hospital,68.50527626033299,Burwood Hospital,59.08068710040159,Burwood Hospital,59.08068710040159
Ilam,Nurse Maude Hospice,4.403135121602466,Christchurch Hospital,4.6437578648296265,Tuarangi Home,78.26239875055776,Burwood Hospital,10.204351776983238,St George's Hospital,4.22293465561885,Hillmorton Hospital,4.012712584621145,Burwood Hospital,10.204351776983238,St George's Hospital,4.22293465561885
Islington,Christchurch Hospital,9.504052751081202,Christchurch Hospital,9.504052751081202,Tuarangi Home,72.4701795406668,Burwood Hospital,15.973394305408192,Christchurch Hospital,9.504052751081202,Hillmorton Hospital,6.990592782551307,Burwood Hospital,15.973394305408192,Christchurch Hospital,9.504052751081202
Jellie Park,Nurse Maude Hospice,3.170544547474575,Christchurch Hospital,4.429740250831311,Tuarangi Home,80.0109285125417,Burwood Hospital,8.611578629492488,St George's Hospital,2.9270367822669185,Hillmorton Hospital,5.065655883255184,Burwood Hospital,8.611578629492488,St George's Hospital,2.9270367822669185
Kaiapoi East,Burwood Hospital,11.269391783737849,Christchurch Hospital,17.219395527235843,Tuarangi Home,93.5507614475045,Burwood Hospital,11.269391783737849,Rangiora Hospital,11.744861495771891,Hillmorton Hospital,19.790982519459593,Burwood Hospital,11.269391783737849,Burwood Hospital,11.269391783737849
Kaiapoi North East,Rangiora Hospital,10.968228051375014,Christchurch Hospital,18.385865851184708,Tuarangi Home,94.5300902324013,Burwood Hospital,12.337166860807443,Rangiora Hospital,10.968228051375014,Hillmorton Hospital,20.96565639307567,Burwood Hospital,12.337166860807443,Burwood Hospital,12.337166860807443
Kaiapoi North West,Rangiora Hospital,10.488750812336862,Christchurch Hospital,18.16621123896294,Tuarangi Home,93.70198221274552,Burwood Hospital,12.430868681688299,Rangiora Hospital,10.488750812336862,Hillmorton Hospital,20.651149237906427,Burwood Hospital,12.430868681688299,Burwood Hospital,12.430868681688299
Kaiapoi South,Burwood Hospital,10.91603520676125,Christchurch Hospital,16.609066773154503,Tuarangi Home,92.65897788241199,Burwood Hospital,10.91603520676125,Rangiora Hospital,11.853527739260818,Hillmorton Hospital,19.116859613613336,Burwood Hospital,10.91603520676125,Burwood Hospital,10.91603520676125
Kaiapoi West,Rangiora Hospital,11.164830041891076,Christchurch Hospital,16.881878419570754,Tuarangi Home,92.21340573280082,Burwood Hospital,11.50064593990193,Rangiora Hospital,11.164830041891076,Hillmorton Hospital,19.287843137698324,Burwood Hospital,11.50064593990193,Burwood Hospital,11.50064593990193
Kaikoura Rural,Kaikoura Hospital,9.50574266798618,Christchurch Hospital,160.93955329051997,Tuarangi Home,236.86346401455205,Kaikoura Hospital,9.50574266798618,Kaikoura Hospital,9.50574266798618,Hillmorton Hospital,163.98248754171297,Burwood Hospital,153.49913932325654,Burwood Hospital,153.49913932325654
Kaikoura Township,Kaikoura Hospital,0.5274888349174925,Christchurch Hospital,152.53307137000425,Tuarangi Home,229.0282884687139,Kaikoura Hospital,0.5274888349174925,Kaikoura Hospital,0.5274888349174925,Hillmorton Hospital,155.59184930570112,Burwood Hospital,145.0782464893771,Burwood Hospital,145.0782464893771
Kennedys Bush,Christchurch Hospital,8.763415386522386,Christchurch Hospital,8.763415386522386,Tuarangi Home,75.92592956013043,Burwood Hospital,15.709739720094971,Christchurch Hospital,8.763415386522386,The Princess Margaret Hospital,4.599294544241047,Burwood Hospital,15.709739720094971,Christchurch Hospital,8.763415386522386
Kingsbury,Rangiora Hospital,0.4660578648697403,Christchurch Hospital,27.006120055268156,Tuarangi Home,95.78719625915838,Burwood Hospital,22.395069743217558,Rangiora Hospital,0.4660578648697403,Hillmorton Hospital,28.944203601437145,Burwood Hospital,22.395069743217558,Burwood Hospital,22.395069743217558
Kirwee,Darfield Hospital,8.601310345155591,Christchurch Hospital,34.302341967457984,Tuarangi Home,54.403503605235535,Darfield Hospital,8.601310345155591,Lincoln Maternity Hospital,25.710845885506938,Hillmorton Hospital,31.986340058133976,Burwood Hospital,39.5287852302842,St George's Hospital,33.996909896324034
Kurow,Hospice South Canterbury,71.02409730821526,Timaru Hospital,72.4617609290211,Tuarangi Home,137.79824098513654,Tuarangi Home,137.79824098513654,Timaru Hospital,72.4617609290211,Timaru Hospital,72.4617609290211,Burwood Hospital,225.27723594374012,Bidwill Trust Hospital,72.28924563909698
Lake Tekapo,Hospice South Canterbury,73.0342945469311,Timaru Hospital,77.11891952944197,Tuarangi Home,103.2344392892416,Tuarangi Home,103.2344392892416,Timaru Hospital,77.11891952944197,Timaru Hospital,77.11891952944197,Burwood Hospital,186.95192378265605,Bidwill Trust Hospital,75.33016566671185
Lake Tennyson,Waikari Hospital,58.22868132951549,Christchurch Hospital,121.19636635409647,Tuarangi Home,183.04503136399083,Waikari Hospital,58.22868132951549,Kaikoura Hospital,71.31131920864446,Hillmorton Hospital,123.58953964172619,Burwood Hospital,114.9063455148841,Burwood Hospital,114.9063455148841
Leeston,Ellesmere Hospital,0.4580460530490667,Christchurch Hospital,36.356008194296315,Tuarangi Home,46.68260950806196,Ellesmere Hospital,0.4580460530490667,Lincoln Maternity Hospital,20.685447335231945,Hillmorton Hospital,33.21226159257362,Burwood Hospital,43.79288510062143,Christchurch Hospital,36.356008194296315
Lehmans,Rangiora Hospital,2.410921807966569,Christchurch Hospital,25.737753934371778,Tuarangi Home,93.84396475113391,Burwood Hospital,21.53416191051459,Rangiora Hospital,2.410921807966569,Hillmorton Hospital,27.544700542051267,Burwood Hospital,21.53416191051459,Burwood Hospital,21.53416191051459
Leithfield,Rangiora Hospital,18.08323890171657,Christchurch Hospital,42.32757926850779,Tuarangi Home,114.24270487856202,Waikari Hospital,21.70954845739804,Rangiora Hospital,18.08323890171657,Hillmorton Hospital,44.887652701567674,Burwood Hospital,35.86655441577521,Burwood Hospital,35.86655441577521
Levels,Hospice South Canterbury,6.37824274888621,Timaru Hospital,10.036856929633698,Tuarangi Home,65.22199602300151,Tuarangi Home,65.22199602300151,Timaru Hospital,10.036856929633698,Timaru Hospital,10.036856929633698,Burwood Hospital,152.37574226854943,Bidwill Trust Hospital,8.15926714124845
Lincoln,Christchurch Hospital,16.463985331925006,Christchurch Hospital,16.463985331925006,Tuarangi Home,65.49598120676494,Ellesmere Hospital,19.463898335214466,Lincoln Maternity Hospital,0.8011272166697426,Hillmorton Hospital,13.324371903648483,Burwood Hospital,23.91836207175051,Christchurch Hospital,16.463985331925006
Linwood,Southern Cross Hospital Christchurch,2.112100449021979,Christchurch Hospital,2.6614210523055615,Tuarangi Home,83.82486829770457,Burwood Hospital,5.715479962004861,Christchurch Hospital,2.6614210523055615,The Princess Margaret Hospital,5.556755842707923,Burwood Hospital,5.715479962004861,Forte Health Hospital,1.6556914917615007
Linwood East,Southern Cross Hospital Christchurch,3.7432788141840323,Christchurch Hospital,4.2937912145801125,Tuarangi Home,85.15132320313023,Burwood Hospital,5.574409666555016,Christchurch Hospital,4.2937912145801125,The Princess Margaret Hospital,6.453789012705957,Burwood Hospital,5.574409666555016,Forte Health Hospital,3.3390074440575574
Linwood North,Southern Cross Hospital Christchurch,3.3230335129833675,Christchurch Hospital,3.9982700882049396,Tuarangi Home,85.03312665137422,Burwood Hospital,5.270367875425321,Christchurch Hospital,3.9982700882049396,The Princess Margaret Hospital,6.462706433904936,Burwood Hospital,5.270367875425321,Forte Health Hospital,2.958545935671583
Little River,Christchurch Hospital,26.104015037483485,Christchurch Hospital,26.104015037483485,Tuarangi Home,78.82275144164653,Burwood Hospital,30.98075859559007,Lincoln Maternity Hospital,22.845853243728943,The Princess Margaret Hospital,22.28569964422695,Burwood Hospital,30.98075859559007,Christchurch Hospital,26.104015037483485
Loburn,Rangiora Hospital,5.036249838966777,Christchurch Hospital,31.637247491131184,Tuarangi Home,96.91370331889638,Burwood Hospital,27.414611134778145,Rangiora Hospital,5.036249838966777,Hillmorton Hospital,33.36667116396717,Burwood Hospital,27.414611134778145,Burwood Hospital,27.414611134778145
Lyttelton,Christchurch Hospital,9.827211434982448,Christchurch Hospital,9.827211434982448,Tuarangi Home,82.62933219405038,Burwood Hospital,13.871599458601741,Christchurch Hospital,9.827211434982448,The Princess Margaret Hospital,7.217536793065035,Burwood Hospital,13.871599458601741,Christchurch Hospital,9.827211434982448
Mackenzie,Hospice South Canterbury,68.20934789916777,Timaru Hospital,72.25913090608938,Tuarangi Home,104.3036438622242,Tuarangi Home,104.3036438622242,Timaru Hospital,72.25913090608938,Timaru Hospital,72.25913090608938,Burwood Hospital,189.58533707580318,Bidwill Trust Hospital,70.53687407738961
Mairaki,Oxford Hospital,11.532484363442538,Christchurch Hospital,34.34557689821003,Tuarangi Home,81.20354337094753,Oxford Hospital,11.532484363442538,Rangiora Hospital,21.018629011619687,Hillmorton Hospital,34.400743679416266,Burwood Hospital,34.17484774277144,St George's Hospital,32.11057477549122
Mairehau,Nurse Maude Hospice,1.8455404230025527,Christchurch Hospital,3.7729135202534687,Tuarangi Home,84.32321722314943,Burwood Hospital,4.069691630960475,St George's Hospital,1.984835003511077,Hillmorton Hospital,6.724828468866277,Burwood Hospital,4.069691630960475,St George's Hospital,1.984835003511077
Mairehau North,Burwood Hospital,2.834840627908781,Christchurch Hospital,5.184450767001097,Tuarangi Home,85.60718830551752,Burwood Hospital,2.834840627908781,St George's Hospital,3.268841976430171,Hillmorton Hospital,8.152553602389993,Burwood Hospital,2.834840627908781,Burwood Hospital,2.834840627908781
Malvern,Darfield Hospital,28.623183575841676,Christchurch Hospital,67.78450457377346,Tuarangi Home,63.47906745492604,Darfield Hospital,28.623183575841676,Rangiora Hospital,61.90588907016903,Hillmorton Hospital,66.2744109794277,Burwood Hospital,70.77091169825695,St George's Hospital,66.54451077167563
Mandeville,Rangiora Hospital,12.825829333717694,Christchurch Hospital,18.07109676247689,Tuarangi Home,84.0235664347392,Burwood Hospital,16.73159078198516,Rangiora Hospital,12.825829333717694,Hillmorton Hospital,19.033345144645526,Burwood Hospital,16.73159078198516,St George's Hospital,15.514922464641533
Mansfield,Burwood Hospital,10.452139151100381,Christchurch Hospital,15.966915527904263,Tuarangi Home,91.94588904922908,Burwood Hospital,10.452139151100381,Rangiora Hospital,12.222957998958343,Hillmorton Hospital,18.438983759538715,Burwood Hospital,10.452139151100381,Burwood Hospital,10.452139151100381
Maori Park,Hospice South Canterbury,2.1569929639373306,Timaru Hospital,2.472567273924997,Tuarangi Home,67.28894569370503,Tuarangi Home,67.28894569370503,Timaru Hospital,2.472567273924997,Timaru Hospital,2.472567273924997,Burwood Hospital,153.1132565739199,Bidwill Trust Hospital,0.6953141139434766
Marchwiel,Hospice South Canterbury,1.51055408268034,Timaru Hospital,3.7571925985949854,Tuarangi Home,66.996421069244,Tuarangi Home,66.996421069244,Timaru Hospital,3.7571925985949854,Timaru Hospital,3.7571925985949854,Burwood Hospital,153.0838377354125,Bidwill Trust Hospital,1.8899829100312941
Mcleans Island,Nurse Maude Hospice,9.789197759461565,Christchurch Hospital,11.071893665189988,Tuarangi Home,76.73779833127671,Burwood Hospital,14.209491051591687,St George's Hospital,9.523705052438832,Hillmorton Hospital,10.572024236271204,Burwood Hospital,14.209491051591687,St George's Hospital,9.523705052438832
Merivale,Nurse Maude Hospice,0.6243326966138727,Christchurch Hospital,1.959815037820845,Tuarangi Home,82.07046367224343,Burwood Hospital,6.346802741187218,St George's Hospital,0.7706864306571389,Hillmorton Hospital,4.513790115614518,Burwood Hospital,6.346802741187218,St George's Hospital,0.7706864306571389
Merrin,Nurse Maude Hospice,5.0257980800770286,Christchurch Hospital,5.913470084051255,Tuarangi Home,78.39145834502492,Burwood Hospital,10.425832086217014,St George's Hospital,4.789664886405993,Hillmorton Hospital,5.6272349195449145,Burwood Hospital,10.425832086217014,St George's Hospital,4.789664886405993
Methven,Ashburton Hospital,30.47612167346104,Christchurch Hospital,79.78372710299153,Tuarangi Home,31.868355999624008,Tuarangi Home,31.868355999624008,Ashburton Hospital,30.47612167346104,Hillmorton Hospital,77.18124330282423,Burwood Hospital,85.42685095216424,St George's Hospital,79.76078610517408
Middleton,Christchurch Hospital,3.2503426434065963,Christchurch Hospital,3.2503426434065963,Tuarangi Home,78.12742536746772,Burwood Hospital,10.418862396973545,Christchurch Hospital,3.2503426434065963,Hillmorton Hospital,1.1683593655328293,Burwood Hospital,10.418862396973545,Christchurch Hospital,3.2503426434065963
Mona Vale,Christchurch Hospital,1.8570693675997316,Christchurch Hospital,1.8570693675997316,Tuarangi Home,80.1448752450817,Burwood Hospital,8.299601675750607,Christchurch Hospital,1.8570693675997316,Hillmorton Hospital,2.767035237243803,Burwood Hospital,8.299601675750607,Christchurch Hospital,1.8570693675997316
Moncks Bay,Southern Cross Hospital Christchurch,9.95529773408688,Christchurch Hospital,9.988182162259218,Tuarangi Home,87.83756340873902,Burwood Hospital,10.45160842412912,Christchurch Hospital,9.988182162259218,The Princess Margaret Hospital,9.773535023897088,Burwood Hospital,10.45160842412912,Forte Health Hospital,9.442597182807157
Mt Pleasant,Christchurch Hospital,8.137253116517488,Christchurch Hospital,8.137253116517488,Tuarangi Home,86.41251937615027,Burwood Hospital,9.354579034935076,Christchurch Hospital,8.137253116517488,The Princess Margaret Hospital,8.011879261285378,Burwood Hospital,9.354579034935076,Forte Health Hospital,7.646160999302406
Mt Somers,Ashburton Hospital,28.549540949141385,Timaru Hospital,83.47721558537454,Tuarangi Home,29.93130827814528,Tuarangi Home,29.93130827814528,Ashburton Hospital,28.549540949141385,Timaru Hospital,83.47721558537454,Burwood Hospital,94.80005458993632,Bidwill Trust Hospital,82.33804197364672
Netherby,Tuarangi Home,0.9907092090049652,Timaru Hospital,69.3615866286165,Tuarangi Home,0.9907092090049652,Tuarangi Home,0.9907092090049652,Ashburton Hospital,1.506155425454764,Timaru Hospital,69.3615866286165,Burwood Hospital,87.40777761774535,Bidwill Trust Hospital,68.80982953157002
New Brighton,Burwood Hospital,5.0451166076212655,Christchurch Hospital,8.787745918586875,Tuarangi Home,89.8409741069689,Burwood Hospital,5.0451166076212655,Christchurch Hospital,8.787745918586875,The Princess Margaret Hospital,11.046279139504954,Burwood Hospital,5.0451166076212655,Burwood Hospital,5.0451166076212655
North Beach,Burwood Hospital,2.6593052943505757,Christchurch Hospital,8.649019942482248,Tuarangi Home,89.96350396121805,Burwood Hospital,2.6593052943505757,St George's Hospital,7.930245154643219,The Princess Margaret Hospital,11.768569593711042,Burwood Hospital,2.6593052943505757,Burwood Hospital,2.6593052943505757
Northcote,Nurse Maude Hospice,2.6581385905223787,Christchurch Hospital,5.192639690932927,Tuarangi Home,83.24020276529684,Burwood Hospital,5.749670447828257,St George's Hospital,2.46396036882416,Hillmorton Hospital,7.319152803926991,Burwood Hospital,5.749670447828257,St George's Hospital,2.46396036882416
Oaklands East,Christchurch Hospital,6.979463201365743,Christchurch Hospital,6.979463201365743,Tuarangi Home,74.5040901245611,Burwood Hospital,14.421753402142967,Christchurch Hospital,6.979463201365743,Hillmorton Hospital,3.833326740212609,Burwood Hospital,14.421753402142967,Christchurch Hospital,6.979463201365743
Oaklands West,Christchurch Hospital,7.738220383129836,Christchurch Hospital,7.738220383129836,Tuarangi Home,73.60323239175817,Burwood Hospital,14.896787999901148,Christchurch Hospital,7.738220383129836,Hillmorton Hospital,4.754931642484401,Burwood Hospital,14.896787999901148,Christchurch Hospital,7.738220383129836
Ohoka,Rangiora Hospital,11.608861712581808,Christchurch Hospital,16.03480777690344,Tuarangi Home,87.64975350673656,Burwood Hospital,12.847891370882229,Rangiora Hospital,11.608861712581808,Hillmorton Hospital,17.770957113943485,Burwood Hospital,12.847891370882229,Burwood Hospital,12.847891370882229
Okuku,Oxford Hospital,14.97811917905648,Christchurch Hospital,41.35681178243612,Tuarangi Home,89.4428197727846,Oxford Hospital,14.97811917905648,Rangiora Hospital,21.515126955584037,Hillmorton Hospital,41.91165564444815,Burwood Hospital,39.79163335530609,St George's Hospital,38.88026968071841
Omarama,Hospice South Canterbury,99.44529752689617,Timaru Hospital,102.43129811891836,Tuarangi Home,155.74414374140184,Tuarangi Home,155.74414374140184,Timaru Hospital,102.43129811891836,Timaru Hospital,102.43129811891836,Burwood Hospital,243.69565956856744,Bidwill Trust Hospital,101.45636941283111
Opawa,Christchurch Hospital,3.539005152143291,Christchurch Hospital,3.539005152143291,Tuarangi Home,82.83579317753707,Burwood Hospital,8.036961443424111,Christchurch Hospital,3.539005152143291,The Princess Margaret Hospital,3.9568696346660346,Burwood Hospital,8.036961443424111,Forte Health Hospital,3.483518005721333
Orari,Hospice South Canterbury,28.168058931798523,Timaru Hospital,30.391419943759164,Tuarangi Home,46.59993421170886,Tuarangi Home,46.59993421170886,Timaru Hospital,30.391419943759164,Timaru Hospital,30.391419943759164,Burwood Hospital,134.98369774820495,Bidwill Trust Hospital,28.9215244878791
Otematata,Hospice South Canterbury,83.86404481962155,Timaru Hospital,86.28085393554062,Tuarangi Home,145.83879356983198,Tuarangi Home,145.83879356983198,Timaru Hospital,86.28085393554062,Timaru Hospital,86.28085393554062,Burwood Hospital,234.22311087726783,Bidwill Trust Hospital,85.61630490438444
Otipua Creek-Washdyke Flat,Hospice South Canterbury,2.1881294086996625,Timaru Hospital,6.087711530306837,Tuarangi Home,67.39930927990167,Tuarangi Home,67.39930927990167,Timaru Hospital,6.087711530306837,Timaru Hospital,6.087711530306837,Burwood Hospital,153.9432334946842,Bidwill Trust Hospital,4.217322748887557
Oxford,Oxford Hospital,0.8247902114317741,Christchurch Hospital,44.273848573881004,Tuarangi Home,75.92780481923809,Oxford Hospital,0.8247902114317741,Rangiora Hospital,33.1198493663318,Hillmorton Hospital,43.71821383600752,Burwood Hospital,45.284962552287354,St George's Hospital,42.362271348647354
Papanui,Nurse Maude Hospice,1.9619161011018338,Christchurch Hospital,4.37148271730553,Tuarangi Home,82.41385995203211,Burwood Hospital,6.287091509330166,St George's Hospital,1.7171446775677897,Hillmorton Hospital,6.330981612252576,Burwood Hospital,6.287091509330166,St George's Hospital,1.7171446775677897
Paparua,Nurse Maude Hospice,12.712027290775223,Christchurch Hospital,12.727676449465218,Tuarangi Home,70.86356504160172,Burwood Hospital,18.30416051445037,Lincoln Maternity Hospital,11.647862561882839,Hillmorton Hospital,10.638434172099087,Burwood Hospital,18.30416051445037,St George's Hospital,12.509293445866367
Pareora,Timaru Hospital,9.220535104878447,Timaru Hospital,9.220535104878447,Tuarangi Home,77.39185376456838,Tuarangi Home,77.39185376456838,Timaru Hospital,9.220535104878447,Timaru Hospital,9.220535104878447,Burwood Hospital,162.01442589573062,Timaru Hospital,9.220535104878447
Parklands,Burwood Hospital,1.26042162440379,Christchurch Hospital,8.464550498506437,Tuarangi Home,89.55120835914255,Burwood Hospital,1.26042162440379,St George's Hospital,7.223510651926147,Hillmorton Hospital,11.607146165277575,Burwood Hospital,1.26042162440379,Burwood Hospital,1.26042162440379
Parkside,Timaru Hospital,0.6955989418078944,Timaru Hospital,0.6955989418078944,Tuarangi Home,68.36044590667049,Tuarangi Home,68.36044590667049,Timaru Hospital,0.6955989418078944,Timaru Hospital,0.6955989418078944,Burwood Hospital,153.8378646307311,Timaru Hospital,0.6955989418078944
Parnassus,Kaikoura Hospital,47.52413054905138,Christchurch Hospital,105.17430543301532,Tuarangi Home,181.17080547966995,Kaikoura Hospital,47.52413054905138,Kaikoura Hospital,47.52413054905138,Hillmorton Hospital,108.18901857333935,Burwood Hospital,97.76780789338358,Burwood Hospital,97.76780789338358
Pegasus,Rangiora Hospital,7.488519877366301,Christchurch Hospital,25.206677313014936,Tuarangi Home,99.7065987024585,Burwood Hospital,19.01298669676241,Rangiora Hospital,7.488519877366301,Hillmorton Hospital,27.748823678928716,Burwood Hospital,19.01298669676241,Burwood Hospital,19.01298669676241
Phillipstown,Southern Cross Hospital Christchurch,2.818599907492387,Christchurch Hospital,2.9146703678060026,Tuarangi Home,83.64701634533007,Burwood Hospital,6.416357010331251,Christchurch Hospital,2.9146703678060026,The Princess Margaret Hospital,5.0568085426489935,Burwood Hospital,6.416357010331251,Forte Health Hospital,2.258083242857993
Pines-Kairaki Beach,Burwood Hospital,11.016981680305616,Christchurch Hospital,17.866553609673147,Tuarangi Home,95.99642961560338,Burwood Hospital,11.016981680305616,Rangiora Hospital,13.851678838627384,Hillmorton Hospital,20.70976369824706,Burwood Hospital,11.016981680305616,Burwood Hospital,11.016981680305616
Plains Railway,Tuarangi Home,4.169304024101299,Timaru Hospital,64.69579541022847,Tuarangi Home,4.169304024101299,Tuarangi Home,4.169304024101299,Ashburton Hospital,4.498669775664716,Timaru Hospital,64.69579541022847,Burwood Hospital,92.55403286960964,Bidwill Trust Hospital,64.08726364959949
Pleasant Point,Hospice South Canterbury,15.463593488597738,Timaru Hospital,19.199482904956632,Tuarangi Home,63.35326234375435,Tuarangi Home,63.35326234375435,Timaru Hospital,19.199482904956632,Timaru Hospital,19.199482904956632,Burwood Hospital,151.49081199995365,Bidwill Trust Hospital,17.323175642025227
Port Levy,Christchurch Hospital,20.027764541130278,Christchurch Hospital,20.027764541130278,Tuarangi Home,88.3959318748544,Burwood Hospital,22.071014705284735,Christchurch Hospital,20.027764541130278,The Princess Margaret Hospital,17.70055118148716,Burwood Hospital,22.071014705284735,Forte Health Hospital,19.991729818940097
Prebbleton,Christchurch Hospital,10.795983587296211,Christchurch Hospital,10.795983587296211,Tuarangi Home,70.52840705455509,Burwood Hospital,18.008972101239586,Lincoln Maternity Hospital,5.936456429983527,Hillmorton Hospital,7.726549449921069,Burwood Hospital,18.008972101239586,Christchurch Hospital,10.795983587296211
Prestons,Burwood Hospital,1.7878733969250424,Christchurch Hospital,6.948357829374088,Tuarangi Home,87.19907405861926,Burwood Hospital,1.7878733969250424,St George's Hospital,4.969399618494875,Hillmorton Hospital,9.92482351511674,Burwood Hospital,1.7878733969250424,Burwood Hospital,1.7878733969250424
Rakaia,Ellesmere Hospital,22.46285584462927,Christchurch Hospital,54.35149786374443,Tuarangi Home,27.3116712906493,Ellesmere Hospital,22.46285584462927,Ashburton Hospital,27.021888513926275,Hillmorton Hospital,51.3104640006361,Burwood Hospital,61.276015709342786,Christchurch Hospital,54.35149786374443
Rangiora Central,Rangiora Hospital,2.4079020590208042,Christchurch Hospital,24.943548246435245,Tuarangi Home,94.56030472452699,Burwood Hospital,20.37362384993425,Rangiora Hospital,2.4079020590208042,Hillmorton Hospital,26.899094515107315,Burwood Hospital,20.37362384993425,Burwood Hospital,20.37362384993425
Rangiora East,Rangiora Hospital,2.179386933481043,Christchurch Hospital,25.183496810682108,Tuarangi Home,95.095004864638,Burwood Hospital,20.47836271092739,Rangiora Hospital,2.179386933481043,Hillmorton Hospital,27.184408283901636,Burwood Hospital,20.47836271092739,Burwood Hospital,20.47836271092739
Rangiora North,Rangiora Hospital,1.4487902539192112,Christchurch Hospital,25.93308054583885,Tuarangi Home,95.09210121960244,Burwood Hospital,21.3595084825094,Rangiora Hospital,1.4487902539192112,Hillmorton Hospital,27.87363127951024,Burwood Hospital,21.3595084825094,Burwood Hospital,21.3595084825094
Rangiora West,Rangiora Hospital,2.2599900569843534,Christchurch Hospital,25.261305376565517,Tuarangi Home,94.25624692851876,Burwood Hospital,20.84632336277624,Rangiora Hospital,2.2599900569843534,Hillmorton Hospital,27.15461348733856,Burwood Hospital,20.84632336277624,Burwood Hospital,20.84632336277624
Rapaki Track,Christchurch Hospital,5.770313639154327,Christchurch Hospital,5.770313639154327,Tuarangi Home,83.16708752686417,Burwood Hospital,9.702581892187611,Christchurch Hospital,5.770313639154327,The Princess Margaret Hospital,4.702140460549153,Burwood Hospital,9.702581892187611,Christchurch Hospital,5.770313639154327
Ravenswood,Rangiora Hospital,6.985314046922327,Christchurch Hospital,25.279113527412804,Tuarangi Home,99.45401333167757,Burwood Hospital,19.180272575705246,Rangiora Hospital,6.985314046922327,Hillmorton Hospital,27.7857568714366,Burwood Hospital,19.180272575705246,Burwood Hospital,19.180272575705246
Rawhiti,Burwood Hospital,3.4586989271020823,Christchurch Hospital,8.196039570029129,Tuarangi Home,89.49212852266973,Burwood Hospital,3.4586989271020823,St George's Hospital,7.876743186096745,The Princess Margaret Hospital,10.991278113636449,Burwood Hospital,3.4586989271020823,Burwood Hospital,3.4586989271020823
Redruth,Timaru Hospital,1.2801176670082468,Timaru Hospital,1.2801176670082468,Tuarangi Home,69.68197889510313,Tuarangi Home,69.68197889510313,Timaru Hospital,1.2801176670082468,Timaru Hospital,1.2801176670082468,Burwood Hospital,155.0036660630359,Timaru Hospital,1.2801176670082468
Redwood North,Nurse Maude Hospice,4.148946051432655,Christchurch Hospital,6.708094210878869,Tuarangi Home,84.6891140491805,Burwood Hospital,5.130268919036933,St George's Hospital,4.009569567891531,Hillmorton Hospital,9.02163325338493,Burwood Hospital,5.130268919036933,St George's Hospital,4.009569567891531
Redwood South,Nurse Maude Hospice,2.8599587823324377,Christchurch Hospital,5.421504515439921,Tuarangi Home,83.90366477517729,Burwood Hospital,5.1294218823092494,St George's Hospital,2.7155792910763523,Hillmorton Hospital,7.750894177634227,Burwood Hospital,5.1294218823092494,St George's Hospital,2.7155792910763523
Riccarton,Christchurch Hospital,1.8879720200321768,Christchurch Hospital,1.8879720200321768,Tuarangi Home,79.75455797616375,Burwood Hospital,8.739093170397535,Christchurch Hospital,1.8879720200321768,Hillmorton Hospital,2.2230580877418427,Burwood Hospital,8.739093170397535,Christchurch Hospital,1.8879720200321768
Riccarton South,Christchurch Hospital,1.5284640732714194,Christchurch Hospital,1.5284640732714194,Tuarangi Home,79.79890409070558,Burwood Hospital,8.902098644509783,Christchurch Hospital,1.5284640732714194,Hillmorton Hospital,1.708311909322834,Burwood Hospital,8.902098644509783,Christchurch Hospital,1.5284640732714194
Riccarton West,Christchurch Hospital,2.624940635845154,Christchurch Hospital,2.624940635845154,Tuarangi Home,79.09530006795117,Burwood Hospital,9.346725083839388,Christchurch Hospital,2.624940635845154,Hillmorton Hospital,2.1323548716688463,Burwood Hospital,9.346725083839388,Christchurch Hospital,2.624940635845154
Richmond North,Southern Cross Hospital Christchurch,2.028335334948764,Christchurch Hospital,3.5053855967015886,Tuarangi Home,84.76092204144781,Burwood Hospital,4.0434392570902915,St George's Hospital,3.0548656235497407,Hillmorton Hospital,6.652131563827222,Burwood Hospital,4.0434392570902915,Southern Cross Hospital Christchurch,2.028335334948764
Richmond South,Southern Cross Hospital Christchurch,1.6419579160108038,Christchurch Hospital,2.8502014432736127,Tuarangi Home,84.17318481311796,Burwood Hospital,4.852625233716969,Christchurch Hospital,2.8502014432736127,Hillmorton Hospital,5.978905688288367,Burwood Hospital,4.852625233716969,Forte Health Hospital,1.5255027928687248
Rolleston Central,Ellesmere Hospital,18.959287659544344,Christchurch Hospital,20.96186554756976,Tuarangi Home,60.926528890884605,Ellesmere Hospital,18.959287659544344,Lincoln Maternity Hospital,9.823903522138437,Hillmorton Hospital,18.089109206271278,Burwood Hospital,27.619312886255504,Christchurch Hospital,20.96186554756976
Rolleston North East,Ellesmere Hospital,19.68591346850017,Christchurch Hospital,20.339579476465243,Tuarangi Home,61.64559550220997,Ellesmere Hospital,19.68591346850017,Lincoln Maternity Hospital,9.71657715025135,Hillmorton Hospital,17.498301085537687,Burwood Hospital,26.940146678727686,Christchurch Hospital,20.339579476465243
Rolleston North West,Ellesmere Hospital,18.29421816528291,Christchurch Hospital,22.273654738306792,Tuarangi Home,59.70215122168754,Ellesmere Hospital,18.29421816528291,Lincoln Maternity Hospital,10.879681439234174,Hillmorton Hospital,19.40702170446047,Burwood Hospital,28.899282078594993,Christchurch Hospital,22.273654738306792
Rolleston South East,Ellesmere Hospital,18.08208212004134,Christchurch Hospital,20.131830997296973,Tuarangi Home,61.33179817162037,Ellesmere Hospital,18.08208212004134,Lincoln Maternity Hospital,7.799123209589989,Hillmorton Hospital,17.140167343776998,Burwood Hospital,27.061794573180787,Christchurch Hospital,20.131830997296973
Rolleston South West,Ellesmere Hospital,17.586896032447473,Christchurch Hospital,21.901831963640763,Tuarangi Home,59.775327589886814,Ellesmere Hospital,17.586896032447473,Lincoln Maternity Hospital,9.836504846265965,Hillmorton Hospital,18.966403305604366,Burwood Hospital,28.6847252422886,Christchurch Hospital,21.901831963640763
Russley,Nurse Maude Hospice,5.230988797086588,Christchurch Hospital,6.691829721864003,Tuarangi Home,79.32278300530831,Burwood Hospital,10.010604562409915,St George's Hospital,4.965502105424413,Hillmorton Hospital,6.940721948759884,Burwood Hospital,10.010604562409915,St George's Hospital,4.965502105424413
Rutland,Nurse Maude Hospice,0.8487700620064016,Christchurch Hospital,3.2590154941824916,Tuarangi Home,83.26232015244128,Burwood Hospital,5.135421006665363,St George's Hospital,0.9089782518383415,Hillmorton Hospital,5.946837039832456,Burwood Hospital,5.135421006665363,St George's Hospital,0.9089782518383415
Sawyers Arms,Nurse Maude Hospice,5.400760900237129,Christchurch Hospital,7.771462813234266,Tuarangi Home,82.7092788789066,Burwood Hospital,7.91085456646609,St George's Hospital,5.160327332071319,Hillmorton Hospital,9.257641772891931,Burwood Hospital,7.91085456646609,St George's Hospital,5.160327332071319
Seaview,Timaru Hospital,1.5747874085989952,Timaru Hospital,1.5747874085989952,Tuarangi Home,67.7181210509965,Tuarangi Home,67.7181210509965,Timaru Hospital,1.5747874085989952,Timaru Hospital,1.5747874085989952,Burwood Hospital,153.36684332633226,Bidwill Trust Hospital,0.40430195826314325
Sefton,Rangiora Hospital,8.612166980411633,Christchurch Hospital,31.170514784853737,Tuarangi Home,104.30315797740134,Burwood Hospital,24.935680224636233,Rangiora Hospital,8.612166980411633,Hillmorton Hospital,33.68385493189547,Burwood Hospital,24.935680224636233,Burwood Hospital,24.935680224636233
Selwyn-Rakaia,Ellesmere Hospital,9.702667124757392,Christchurch Hospital,40.39641423799516,Tuarangi Home,40.92799140282551,Ellesmere Hospital,9.702667124757392,Lincoln Maternity Hospital,25.559144315984902,Hillmorton Hospital,37.30921536584023,Burwood Hospital,47.4967227965311,Christchurch Hospital,40.39641423799516
Shirley East,Burwood Hospital,2.75844243901507,Christchurch Hospital,4.721445235723124,Tuarangi Home,85.76641324553206,Burwood Hospital,2.75844243901507,St George's Hospital,3.5491786779181163,Hillmorton Hospital,7.841933677138725,Burwood Hospital,2.75844243901507,Burwood Hospital,2.75844243901507
Shirley West,Nurse Maude Hospice,2.5253701095768224,Christchurch Hospital,4.279873059920237,Tuarangi Home,84.99982658371016,Burwood Hospital,3.3986739867730504,St George's Hospital,2.6698340009418877,Hillmorton Hospital,7.307550114796922,Burwood Hospital,3.3986739867730504,Southern Cross Hospital Christchurch,2.6103682499512506
Silverstream,Rangiora Hospital,10.66902288650112,Christchurch Hospital,17.237179859961127,Tuarangi Home,92.16255221441416,Burwood Hospital,11.981449241582466,Rangiora Hospital,10.66902288650112,Hillmorton Hospital,19.5945466478354,Burwood Hospital,11.981449241582466,Burwood Hospital,11.981449241582466
Sockburn,Christchurch Hospital,5.100449876095714,Christchurch Hospital,5.100449876095714,Tuarangi Home,76.93879287074522,Burwood Hospital,11.457522313045029,Christchurch Hospital,5.100449876095714,Hillmorton Hospital,3.3948068736180144,Burwood Hospital,11.457522313045029,Christchurch Hospital,5.100449876095714
Somerfield,Christchurch Hospital,2.6122874224616117,Christchurch Hospital,2.6122874224616117,Tuarangi Home,80.43410153338225,Burwood Hospital,9.395678989769136,Christchurch Hospital,2.6122874224616117,The Princess Margaret Hospital,1.819406402354222,Burwood Hospital,9.395678989769136,Christchurch Hospital,2.6122874224616117
South Brighton,Burwood Hospital,7.062214451858399,Christchurch Hospital,9.065643866824406,Tuarangi Home,89.33071276620612,Burwood Hospital,7.062214451858399,Christchurch Hospital,9.065643866824406,The Princess Margaret Hospital,10.46092934213554,Burwood Hospital,7.062214451858399,Burwood Hospital,7.062214451858399
Southbridge,Ellesmere Hospital,7.059615880064333,Christchurch Hospital,42.826439081763134,Tuarangi Home,41.52404773712032,Ellesmere Hospital,7.059615880064333,Lincoln Maternity Hospital,27.14424053334182,The Princess Margaret Hospital,39.616140183005406,Burwood Hospital,50.28358415344401,Christchurch Hospital,42.826439081763134
Southbrook,Rangiora Hospital,4.1537239739074385,Christchurch Hospital,23.190698994670036,Tuarangi Home,93.72935141283236,Burwood Hospital,18.595011521811088,Rangiora Hospital,4.1537239739074385,Hillmorton Hospital,25.187577216490592,Burwood Hospital,18.595011521811088,Burwood Hospital,18.595011521811088
Spreydon,Christchurch Hospital,1.9949321185057725,Christchurch Hospital,1.9949321185057725,Tuarangi Home,79.95800991033013,Burwood Hospital,9.310115629762748,Christchurch Hospital,1.9949321185057725,Hillmorton Hospital,1.912707031070975,Burwood Hospital,9.310115629762748,Christchurch Hospital,1.9949321185057725
Springston,Ellesmere Hospital,14.976889926669065,Christchurch Hospital,21.343360116206156,Tuarangi Home,60.13383830628065,Ellesmere Hospital,14.976889926669065,Lincoln Maternity Hospital,6.35052457433458,Hillmorton Hospital,18.209821025115946,Burwood Hospital,28.65635887750005,Christchurch Hospital,21.343360116206156
St Albans East,Southern Cross Hospital Christchurch,0.6021060485111512,Christchurch Hospital,2.2703975424715908,Tuarangi Home,83.27929303762296,Burwood Hospital,5.268823748693002,St George's Hospital,1.6732545780578076,Hillmorton Hospital,5.335630036456088,Burwood Hospital,5.268823748693002,Southern Cross Hospital Christchurch,0.6021060485111512
St Albans West,Southern Cross Hospital Christchurch,0.5412430346258008,Christchurch Hospital,1.9102040560228355,Tuarangi Home,82.6206127170768,Burwood Hospital,5.857943205798441,St George's Hospital,1.166002941390341,Hillmorton Hospital,4.812040742027701,Burwood Hospital,5.857943205798441,Southern Cross Hospital Christchurch,0.5412430346258008
St Andrews,Timaru Hospital,14.728909140745435,Timaru Hospital,14.728909140745435,Tuarangi Home,82.77630964429976,Tuarangi Home,82.77630964429976,Timaru Hospital,14.728909140745435,Timaru Hospital,14.728909140745435,Burwood Hospital,166.9951364478992,Timaru Hospital,14.728909140745435
St Martins,Christchurch Hospital,3.6171105202727025,Christchurch Hospital,3.6171105202727025,Tuarangi Home,81.82418895784438,Burwood Hospital,9.025292593360955,Christchurch Hospital,3.6171105202727025,The Princess Margaret Hospital,2.9380193598137527,Burwood Hospital,9.025292593360955,Christchurch Hospital,3.6171105202727025
Strowan,Nurse Maude Hospice,1.0097023100491722,Christchurch Hospital,3.117625541412725,Tuarangi Home,81.8592456611544,Burwood Hospital,6.574554127041511,St George's Hospital,0.7453901254189828,Hillmorton Hospital,5.118270768696267,Burwood Hospital,6.574554127041511,St George's Hospital,0.7453901254189828
Styx,Burwood Hospital,5.799581684934038,Christchurch Hospital,11.450497581101128,Tuarangi Home,89.61009765962386,Burwood Hospital,5.799581684934038,St George's Hospital,8.984444034686563,Hillmorton Hospital,14.12884869290013,Burwood Hospital,5.799581684934038,Burwood Hospital,5.799581684934038
Styx Mill,Nurse Maude Hospice,4.17802272422187,Christchurch Hospital,6.737542269427842,Tuarangi Home,84.28642692837218,Burwood Hospital,5.604958177662139,St George's Hospital,4.01207611776018,Hillmorton Hospital,8.914285120012048,Burwood Hospital,5.604958177662139,St George's Hospital,4.01207611776018
Sumner,Christchurch Hospital,11.980034936255752,Christchurch Hospital,11.980034936255752,Tuarangi Home,88.70492640070817,Burwood Hospital,12.395225514400014,Christchurch Hospital,11.980034936255752,The Princess Margaret Hospital,11.376037440684138,Burwood Hospital,12.395225514400014,Forte Health Hospital,11.494702952660923
Sydenham,Christchurch Hospital,1.7057467771159367,Christchurch Hospital,1.7057467771159367,Tuarangi Home,81.51147161440836,Burwood Hospital,8.070900318766318,Christchurch Hospital,1.7057467771159367,The Princess Margaret Hospital,3.142908388313132,Burwood Hospital,8.070900318766318,Christchurch Hospital,1.7057467771159367
Taitapu,Christchurch Hospital,15.710380042245474,Christchurch Hospital,15.710380042245474,Tuarangi Home,69.34203034332278,Ellesmere Hospital,22.416936298126217,Lincoln Maternity Hospital,5.897426664690774,The Princess Margaret Hospital,11.764557505507023,Burwood Hospital,22.97750761930355,Christchurch Hospital,15.710380042245474
Templeton,Christchurch Hospital,12.359097065006665,Christchurch Hospital,12.359097065006665,Tuarangi Home,69.89776224048906,Burwood Hospital,18.681151149555,Lincoln Maternity Hospital,9.136233527894632,Hillmorton Hospital,9.812934698615225,Burwood Hospital,18.681151149555,Christchurch Hospital,12.359097065006665
Temuka,Hospice South Canterbury,16.874201741468124,Timaru Hospital,18.65449265747544,Tuarangi Home,53.027460240668745,Tuarangi Home,53.027460240668745,Timaru Hospital,18.65449265747544,Timaru Hospital,18.65449265747544,Burwood Hospital,140.58727325760458,Bidwill Trust Hospital,17.30586801682259
Timaru Gardens,Timaru Hospital,0.6635516602107662,Timaru Hospital,0.6635516602107662,Tuarangi Home,69.05444127184364,Tuarangi Home,69.05444127184364,Timaru Hospital,0.6635516602107662,Timaru Hospital,0.6635516602107662,Burwood Hospital,154.39570313188577,Timaru Hospital,0.6635516602107662
Tinwald,Tuarangi Home,2.8015303156405453,Timaru Hospital,65.86618015980538,Tuarangi Home,2.8015303156405453,Tuarangi Home,2.8015303156405453,Ashburton Hospital,3.268188906276116,Timaru Hospital,65.86618015980538,Burwood Hospital,91.19220258606441,Bidwill Trust Hospital,65.27692901435141
Travis,Burwood Hospital,1.8931618033902495,Christchurch Hospital,6.7325572450435,Tuarangi Home,88.0242186615951,Burwood Hospital,1.8931618033902495,St George's Hospital,5.997578197881155,Hillmorton Hospital,9.871654433109903,Burwood Hospital,1.8931618033902495,Burwood Hospital,1.8931618033902495
Travis Wetland,Burwood Hospital,0.5868527985226369,Christchurch Hospital,7.335497824940283,Tuarangi Home,88.41294634154697,Burwood Hospital,0.5868527985226369,St George's Hospital,6.100733965630632,Hillmorton Hospital,10.474748519300014,Burwood Hospital,0.5868527985226369,Burwood Hospital,0.5868527985226369
Trents-Ladbrooks,Christchurch Hospital,11.28292404062749,Christchurch Hospital,11.28292404062749,Tuarangi Home,70.07947472199477,Burwood Hospital,18.35875784388051,Lincoln Maternity Hospital,6.261724712874474,Hillmorton Hospital,8.286141152565307,Burwood Hospital,18.35875784388051,Christchurch Hospital,11.28292404062749
Tuahiwi,Rangiora Hospital,7.284925732449545,Christchurch Hospital,20.985911868157558,Tuarangi Home,94.63461914583257,Burwood Hospital,15.587229428288113,Rangiora Hospital,7.284925732449545,Hillmorton Hospital,23.304693604804715,Burwood Hospital,15.587229428288113,Burwood Hospital,15.587229428288113
Twizel Community,Hospice South Canterbury,90.02533209511216,Timaru Hospital,93.61768484280499,Tuarangi Home,138.0639167876908,Tuarangi Home,138.0639167876908,Timaru Hospital,93.61768484280499,Timaru Hospital,93.61768484280499,Burwood Hospital,224.69641656726364,Bidwill Trust Hospital,92.27126811139247
Upper Riccarton,Christchurch Hospital,4.093786686214612,Christchurch Hospital,4.093786686214612,Tuarangi Home,78.08612153515062,Burwood Hospital,10.307529671443687,Christchurch Hospital,4.093786686214612,Hillmorton Hospital,3.0479062481270938,Burwood Hospital,10.307529671443687,Christchurch Hospital,4.093786686214612
Waiau,Waikari Hospital,45.288140155322615,Christchurch Hospital,103.4783802391071,Tuarangi Home,173.88517100976938,Waikari Hospital,45.288140155322615,Kaikoura Hospital,59.272319894135336,Hillmorton Hospital,106.23889338370475,Burwood Hospital,96.48011186108562,Burwood Hospital,96.48011186108562
Waihao,Timaru Hospital,39.18493306904543,Timaru Hospital,39.18493306904543,Tuarangi Home,107.33036775718058,Tuarangi Home,107.33036775718058,Timaru Hospital,39.18493306904543,Timaru Hospital,39.18493306904543,Burwood Hospital,190.77843997086825,Timaru Hospital,39.18493306904543
Waikuku,Rangiora Hospital,9.37398961778071,Christchurch Hospital,28.50776413778426,Tuarangi Home,103.32954613510566,Burwood Hospital,21.995708778760136,Rangiora Hospital,9.37398961778071,Hillmorton Hospital,31.146232870389227,Burwood Hospital,21.995708778760136,Burwood Hospital,21.995708778760136
Waimairi Beach,Burwood Hospital,2.287208487660529,Christchurch Hospital,9.220038809301151,Tuarangi Home,90.42573235234426,Burwood Hospital,2.287208487660529,St George's Hospital,8.154948731004145,Hillmorton Hospital,12.366555920228924,Burwood Hospital,2.287208487660529,Burwood Hospital,2.287208487660529
Waimataitai,Hospice South Canterbury,1.9448919229499984,Timaru Hospital,3.2925079422512624,Tuarangi Home,66.83025098098247,Tuarangi Home,66.83025098098247,Timaru Hospital,3.2925079422512624,Timaru Hospital,3.2925079422512624,Burwood Hospital,152.80486657617354,Bidwill Trust Hospital,1.49907017352057
Waimate,Timaru Hospital,39.799402677888835,Timaru Hospital,39.799402677888835,Tuarangi Home,107.76353195372363,Tuarangi Home,107.76353195372363,Timaru Hospital,39.799402677888835,Timaru Hospital,39.799402677888835,Burwood Hospital,190.8442909566774,Timaru Hospital,39.799402677888835
Wainoni,Burwood Hospital,4.236688340015993,Christchurch Hospital,5.385623999122931,Tuarangi Home,86.56466377806464,Burwood Hospital,4.236688340015993,Christchurch Hospital,5.385623999122931,The Princess Margaret Hospital,8.007861369112751,Burwood Hospital,4.236688340015993,Forte Health Hospital,4.19012986048491
Wairarapa,Nurse Maude Hospice,3.70258385480219,Christchurch Hospital,5.050664072119094,Tuarangi Home,79.83625525267898,Burwood Hospital,8.943159964136028,St George's Hospital,3.448267679338231,Hillmorton Hospital,5.563357728366489,Burwood Hospital,8.943159964136028,St George's Hospital,3.448267679338231
Waltham,Christchurch Hospital,2.3058311415179267,Christchurch Hospital,2.3058311415179267,Tuarangi Home,82.5422968880321,Burwood Hospital,7.385163990964499,Christchurch Hospital,2.3058311415179267,The Princess Margaret Hospital,3.9475198920939056,Burwood Hospital,7.385163990964499,Forte Health Hospital,2.2292028520139464
Washdyke,Hospice South Canterbury,3.511079229088157,Timaru Hospital,5.618392328321049,Tuarangi Home,64.91125862142846,Tuarangi Home,64.91125862142846,Timaru Hospital,5.618392328321049,Timaru Hospital,5.618392328321049,Burwood Hospital,151.22491562747314,Bidwill Trust Hospital,3.9413004760997317
Watlington,Timaru Hospital,1.7966728635794806,Timaru Hospital,1.7966728635794806,Tuarangi Home,69.27173635203883,Tuarangi Home,69.27173635203883,Timaru Hospital,1.7966728635794806,Timaru Hospital,1.7966728635794806,Burwood Hospital,154.91582163853948,Bidwill Trust Hospital,1.4414802971359844
West Eyreton,Rangiora Hospital,16.473101559914372,Christchurch Hospital,27.957648301222434,Tuarangi Home,81.60921215121277,Oxford Hospital,17.55529553645435,Rangiora Hospital,16.473101559914372,Hillmorton Hospital,28.214424366906695,Burwood Hospital,27.57227966547676,St George's Hospital,25.646143502316825
West Melton,Christchurch Hospital,16.656313406469764,Christchurch Hospital,16.656313406469764,Tuarangi Home,65.19741838420794,Ellesmere Hospital,22.174970460885948,Lincoln Maternity Hospital,7.8400546579823365,Hillmorton Hospital,13.833043992535941,Burwood Hospital,23.29353041401227,Christchurch Hospital,16.656313406469764
Westburn,Nurse Maude Hospice,4.239747538833904,Christchurch Hospital,4.981490316047715,Tuarangi Home,78.76982612615727,Burwood Hospital,9.837265695480935,St George's Hospital,4.020689454155816,Hillmorton Hospital,4.814552267235846,Burwood Hospital,9.837265695480935,St George's Hospital,4.020689454155816
Westhaven,Burwood Hospital,1.5359938209798072,Christchurch Hospital,5.944695416813651,Tuarangi Home,86.91872007117105,Burwood Hospital,1.5359938209798072,St George's Hospital,4.599875535032747,Hillmorton Hospital,9.062218323798085,Burwood Hospital,1.5359938209798072,Burwood Hospital,1.5359938209798072
Westmorland,Christchurch Hospital,5.4608114896539215,Christchurch Hospital,5.4608114896539215,Tuarangi Home,77.22931358171193,Burwood Hospital,12.745386462772087,Christchurch Hospital,5.4608114896539215,The Princess Margaret Hospital,1.6776630908014172,Burwood Hospital,12.745386462772087,Christchurch Hospital,5.4608114896539215
Wharenui,Christchurch Hospital,3.601620481237797,Christchurch Hospital,3.601620481237797,Tuarangi Home,78.26696763377208,Burwood Hospital,10.133167855257698,Christchurch Hospital,3.601620481237797,Hillmorton Hospital,2.4558046981084196,Burwood Hospital,10.133167855257698,Christchurch Hospital,3.601620481237797
Wigram,Christchurch Hospital,5.755417020062309,Christchurch Hospital,5.755417020062309,Tuarangi Home,75.73886871256985,Burwood Hospital,12.685795915026622,Christchurch Hospital,5.755417020062309,Hillmorton Hospital,3.161738763006072,Burwood Hospital,12.685795915026622,Christchurch Hospital,5.755417020062309
Winchester,Hospice South Canterbury,22.52445938464406,Timaru Hospital,24.51092975765571,Tuarangi Home,49.197240054231024,Tuarangi Home,49.197240054231024,Timaru Hospital,24.51092975765571,Timaru Hospital,24.51092975765571,Burwood Hospital,137.2944966677396,Bidwill Trust Hospital,23.110846223384566
Woodend,Rangiora Hospital,6.895037888660476,Christchurch Hospital,23.856697677877715,Tuarangi Home,98.02815853669841,Burwood Hospital,17.895156193649342,Rangiora Hospital,6.895037888660476,Hillmorton Hospital,26.328700465665566,Burwood Hospital,17.895156193649342,Burwood Hospital,17.895156193649342
Woodend Beach,Rangiora Hospital,8.474980470316856,Christchurch Hospital,21.850850498600625,Tuarangi Home,96.95254649961947,Burwood Hospital,15.779305471657183,Rangiora Hospital,8.474980470316856,Hillmorton Hospital,24.385938986931965,Burwood Hospital,15.779305471657183,Burwood Hospital,15.779305471657183
Woodend West,Rangiora Hospital,6.70098480674053,Christchurch Hospital,23.600849813224578,Tuarangi Home,97.61475221728053,Burwood Hospital,17.71996165337051,Rangiora Hospital,6.70098480674053,Hillmorton Hospital,26.047164099975777,Burwood Hospital,17.71996165337051,Burwood Hospital,17.71996165337051
Woolston South,Christchurch Hospital,4.964344795831525,Christchurch Hospital,4.964344795831525,Tuarangi Home,84.11732517144368,Burwood Hospital,8.005275298431556,Christchurch Hospital,4.964344795831525,The Princess Margaret Hospital,5.26154237058421,Burwood Hospital,8.005275298431556,Forte Health Hospital,4.628861102527574
Woolston West,Southern Cross Hospital Christchurch,3.8617957158418337,Christchurch Hospital,3.962993361059446,Tuarangi Home,84.30446085440539,Burwood Hospital,6.627183280517795,Christchurch Hospital,3.962993361059446,The Princess Margaret Hospital,5.487862785924151,Burwood Hospital,6.627183280517795,Forte Health Hospital,3.325666200856171
Yaldhurst,Nurse Maude Hospice,7.191818935413105,Christchurch Hospital,8.288495776602021,Tuarangi Home,77.4627825430971,Burwood Hospital,12.127405369866123,St George's Hospital,6.936228176210095,Hillmorton Hospital,7.816403370650149,Burwood Hospital,12.127405369866123,St George's Hospital,6.936228176210095
