"AreaUnit","Total_Crashes","Total_Crime","Commonest_Crime","Closest_Medical_Hospital","Distance_Medical_Hospital","Closest_Childrens_Health_Hospital","Distance_Childrens_Health_Hospital","Closest_Dementia_Care_Hospital","Distance_Dementia_Care_Hospital","Closest_Geriatric_Hospital","Distance_Geriatric_Hospital","Closest_Maternity_Hospital","Distance_Maternity_Hospital","Closest_Mental_Health_Hospital","Distance_Mental_Health_Hospital","Closest_Psychogeriatric_Hospital","Distance_Psychogeriatric_Hospital","Closest_Surgical_Hospital","Distance_Surgical_Hospital","Average_decile","Primary","Secondary","Composite","Other"
"Addington",127,213,"Theft and Related Offences","Christchurch Hospital",1.11558463542314,"Christchurch Hospital",1.11558463542314,"Tuarangi Home",80.4611829506759,"Burwood Hospital",8.5415674265244,"Christchurch Hospital",1.11558463542314,"Hillmorton Hospital",2.22809628455379,"Burwood Hospital",8.5415674265244,"Christchurch Hospital",1.11558463542314,4,1,0,0,0
"Aidanfield",41,13,"Theft and Related Offences","Christchurch Hospital",5.63409691354243,"Christchurch Hospital",5.63409691354243,"Tuarangi Home",75.7229173291691,"Burwood Hospital",13.0177306836761,"Christchurch Hospital",5.63409691354243,"Hillmorton Hospital",2.51230134529699,"Burwood Hospital",13.0177306836761,"Christchurch Hospital",5.63409691354243,5,0,0,1,1
"Akaroa",22,9,"Theft and Related Offences","Christchurch Hospital",40.8662062680483,"Christchurch Hospital",40.8662062680483,"Tuarangi Home",97.8318794899268,"Burwood Hospital",42.6548748489076,"Christchurch Hospital",40.8662062680483,"The Princess Margaret Hospital",38.1962713582022,"Burwood Hospital",42.6548748489076,"Christchurch Hospital",40.8662062680483,7,0,0,1,0
"Akaroa Harbour",99,3,"Unlawful Entry With Intent/Burglary, Break and Enter","Christchurch Hospital",36.5426686725635,"Christchurch Hospital",36.5426686725635,"Tuarangi Home",96.2529351073384,"Burwood Hospital",38.204222413968,"Christchurch Hospital",36.5426686725635,"The Princess Margaret Hospital",33.9847014566571,"Burwood Hospital",38.204222413968,"Forte Health Hospital",36.5192758940008,6,1,0,0,0
"Allenton East",26,25,"Theft and Related Offences","Ashburton Hospital",0.617259871664824,"Timaru Hospital",69.6712285344721,"Tuarangi Home",1.55439636312764,"Tuarangi Home",1.55439636312764,"Ashburton Hospital",0.617259871664824,"Timaru Hospital",69.6712285344721,"Burwood Hospital",87.601005215927,"Bidwill Trust Hospital",69.0884827121408,6.5,1,1,0,0
"Allenton West",21,10,"Theft and Related Offences","Ashburton Hospital",0.554110423722297,"Timaru Hospital",69.3356647114834,"Tuarangi Home",1.95462769444723,"Tuarangi Home",1.95462769444723,"Ashburton Hospital",0.554110423722297,"Timaru Hospital",69.3356647114834,"Burwood Hospital",88.253675823551,"Bidwill Trust Hospital",68.7317482647453,NA,NA,NA,NA,NA
"Amberley",34,23,"Theft and Related Offences","Rangiora Hospital",18.5311470889658,"Christchurch Hospital",42.8797194612219,"Tuarangi Home",114.654363001987,"Waikari Hospital",21.1536450058583,"Rangiora Hospital",18.5311470889658,"Hillmorton Hospital",45.4346716085447,"Burwood Hospital",36.4268047033024,"Burwood Hospital",36.4268047033024,NA,NA,NA,NA,NA
"Amuri",262,11,"Theft and Related Offences","Waikari Hospital",42.1627976742498,"Christchurch Hospital",105.276272071421,"Tuarangi Home",165.945542118133,"Waikari Hospital",42.1627976742498,"Rangiora Hospital",78.4658049660765,"Hillmorton Hospital",107.556914506732,"Burwood Hospital",99.2386470390157,"Burwood Hospital",99.2386470390157,8,1,0,0,0
"Aorangi",83,56,"Theft and Related Offences","Nurse Maude Hospice",2.57961324140524,"Christchurch Hospital",4.57054893306692,"Tuarangi Home",81.3405298594992,"Burwood Hospital",7.42149522967496,"St George's Hospital",2.30784191190495,"Hillmorton Hospital",5.95615193479559,"Burwood Hospital",7.42149522967496,"St George's Hospital",2.30784191190495,6,1,0,0,1
"Aranui",91,85,"Theft and Related Offences","Burwood Hospital",3.55733473182046,"Christchurch Hospital",6.78185557899626,"Tuarangi Home",88.0392431876222,"Burwood Hospital",3.55733473182046,"St George's Hospital",6.71970367891789,"The Princess Margaret Hospital",9.51238746416159,"Burwood Hospital",3.55733473182046,"Burwood Hospital",3.55733473182046,1,1,0,0,0
"Ashburton Central East",101,48,"Unlawful Entry With Intent/Burglary, Break and Enter","Tuarangi Home",0.231845887818524,"Timaru Hospital",68.3387651664485,"Tuarangi Home",0.231845887818524,"Tuarangi Home",0.231845887818524,"Ashburton Hospital",1.26482726733043,"Timaru Hospital",68.3387651664485,"Burwood Hospital",88.5428549764755,"Bidwill Trust Hospital",67.7743519718152,6,0,0,0,1
"Ashburton Central West",108,69,"Theft and Related Offences","Tuarangi Home",0.671153749207188,"Timaru Hospital",68.5689459064895,"Tuarangi Home",0.671153749207188,"Tuarangi Home",0.671153749207188,"Ashburton Hospital",0.790182476217876,"Timaru Hospital",68.5689459064895,"Burwood Hospital",88.5036824861208,"Bidwill Trust Hospital",67.9931088606232,7.5,2,0,0,0
"Ashburton East",14,NA,NA,"Tuarangi Home",1.66495147446743,"Timaru Hospital",68.522278192535,"Tuarangi Home",1.66495147446743,"Tuarangi Home",1.66495147446743,"Ashburton Hospital",2.9410354368349,"Timaru Hospital",68.522278192535,"Burwood Hospital",87.6719756939542,"Bidwill Trust Hospital",68.0076455537026,6,0,0,1,0
"Ashburton North",7,NA,NA,"Ashburton Hospital",2.55178162904118,"Timaru Hospital",71.6360011933755,"Tuarangi Home",3.3075383658635,"Tuarangi Home",3.3075383658635,"Ashburton Hospital",2.55178162904118,"Timaru Hospital",71.6360011933755,"Burwood Hospital",85.7338550109019,"Bidwill Trust Hospital",71.057594387173,NA,NA,NA,NA,NA
"Ashley",15,1,"Theft and Related Offences","Rangiora Hospital",4.06174315590169,"Christchurch Hospital",30.6310060145544,"Tuarangi Home",100.234826820579,"Burwood Hospital",25.359602450237,"Rangiora Hospital",4.06174315590169,"Hillmorton Hospital",32.7751533036648,"Burwood Hospital",25.359602450237,"Burwood Hospital",25.359602450237,10,1,0,0,0
"Ashley Gorge",49,7,"Theft and Related Offences","Oxford Hospital",0.134761017648942,"Christchurch Hospital",43.3431290900359,"Tuarangi Home",75.7332390323134,"Oxford Hospital",0.134761017648942,"Rangiora Hospital",32.4214792405332,"Hillmorton Hospital",42.7864862197559,"Burwood Hospital",44.3751366462538,"St George's Hospital",41.4346712071464,7,1,0,0,0
"Aviemore",145,12,"Theft and Related Offences","Hospice South Canterbury",93.2444112474555,"Timaru Hospital",95.8573492093883,"Tuarangi Home",153.391155082067,"Tuarangi Home",153.391155082067,"Timaru Hospital",95.8573492093883,"Timaru Hospital",95.8573492093883,"Burwood Hospital",241.744714703925,"Bidwill Trust Hospital",95.089239218971,NA,NA,NA,NA,NA
"Avon Loop",248,225,"Theft and Related Offences","Southern Cross Hospital Christchurch",0.892852978129144,"Christchurch Hospital",1.73984197460074,"Tuarangi Home",83.0633104970837,"Burwood Hospital",5.85057508772986,"Christchurch Hospital",1.73984197460074,"Hillmorton Hospital",4.87327938534501,"Burwood Hospital",5.85057508772986,"Forte Health Hospital",0.451536921267359,3.5,2,0,0,0
"Avondale",44,39,"Unlawful Entry With Intent/Burglary, Break and Enter","Burwood Hospital",3.01268632691948,"Christchurch Hospital",6.19302743560674,"Tuarangi Home",87.5088425771976,"Burwood Hospital",3.01268632691948,"St George's Hospital",5.93669681135177,"The Princess Margaret Hospital",9.19619612828554,"Burwood Hospital",3.01268632691948,"Burwood Hospital",3.01268632691948,5,0,0,0,1
"Avonhead",33,21,"Theft and Related Offences","Nurse Maude Hospice",5.23634106766274,"Christchurch Hospital",5.51333314090204,"Tuarangi Home",77.5737556528527,"Burwood Hospital",10.9699201146056,"St George's Hospital",5.04300762958341,"Hillmorton Hospital",4.59701869560037,"Burwood Hospital",10.9699201146056,"St George's Hospital",5.04300762958341,7,1,0,0,0
"Avonhead West",47,75,"Theft and Related Offences","Nurse Maude Hospice",6.68236964285315,"Christchurch Hospital",6.97967340316459,"Tuarangi Home",76.3893661683794,"Burwood Hospital",12.3181525068895,"St George's Hospital",6.47687295284839,"Hillmorton Hospital",5.72773889883018,"Burwood Hospital",12.3181525068895,"St George's Hospital",6.47687295284839,7,1,0,0,0
"Avonside",38,56,"Acts Intended to Cause Injury","Southern Cross Hospital Christchurch",3.06012441748272,"Christchurch Hospital",3.98840270232754,"Tuarangi Home",85.2096918276897,"Burwood Hospital",4.69064531669851,"Christchurch Hospital",3.98840270232754,"The Princess Margaret Hospital",6.83123903517743,"Burwood Hospital",4.69064531669851,"Forte Health Hospital",2.80623676746827,2.5,1,1,0,0
"Banks Peninsula Eastern Bays",17,2,"Theft and Related Offences","Christchurch Hospital",35.4348088033289,"Christchurch Hospital",35.4348088033289,"Tuarangi Home",99.3645892297804,"Burwood Hospital",36.1661276712458,"Christchurch Hospital",35.4348088033289,"The Princess Margaret Hospital",33.3553753470114,"Burwood Hospital",36.1661276712458,"Forte Health Hospital",35.2338457772613,4,1,0,0,0
"Barrington North",102,168,"Theft and Related Offences","Christchurch Hospital",2.53613393165103,"Christchurch Hospital",2.53613393165103,"Tuarangi Home",79.1384923377246,"Burwood Hospital",9.98658736326254,"Christchurch Hospital",2.53613393165103,"Hillmorton Hospital",1.12441902593167,"Burwood Hospital",9.98658736326254,"Christchurch Hospital",2.53613393165103,4,1,0,0,0
"Barrington South",20,34,"Theft and Related Offences","Christchurch Hospital",3.40379739814888,"Christchurch Hospital",3.40379739814888,"Tuarangi Home",79.2198055269444,"Burwood Hospital",10.5461680640998,"Christchurch Hospital",3.40379739814888,"The Princess Margaret Hospital",0.791150436376857,"Burwood Hospital",10.5461680640998,"Christchurch Hospital",3.40379739814888,6,0,1,1,0
"Beckenham",19,8,"Acts Intended to Cause Injury","Christchurch Hospital",3.16510736018601,"Christchurch Hospital",3.16510736018601,"Tuarangi Home",81.070458695687,"Burwood Hospital",9.29924680111591,"Christchurch Hospital",3.16510736018601,"The Princess Margaret Hospital",2.20033632771382,"Burwood Hospital",9.29924680111591,"Christchurch Hospital",3.16510736018601,8,2,0,0,0
"Belfast",121,248,"Unlawful Entry With Intent/Burglary, Break and Enter","Burwood Hospital",5.54542448472823,"Christchurch Hospital",9.15755188703108,"Tuarangi Home",86.6271453852608,"Burwood Hospital",5.54542448472823,"St George's Hospital",6.50438515387248,"Hillmorton Hospital",11.5537922032621,"Burwood Hospital",5.54542448472823,"Burwood Hospital",5.54542448472823,7,1,0,0,0
"Belfast South",21,60,"Theft and Related Offences","Nurse Maude Hospice",5.6404376347928,"Christchurch Hospital",8.19973916326843,"Tuarangi Home",85.4974894384535,"Burwood Hospital",5.64662691011864,"St George's Hospital",5.4981873731494,"Hillmorton Hospital",10.466891111959,"Burwood Hospital",5.64662691011864,"St George's Hospital",5.4981873731494,NA,NA,NA,NA,NA
"Ben Mcleod",2,NA,NA,"Ashburton Hospital",39.271718213648,"Timaru Hospital",61.2019826432049,"Tuarangi Home",39.9971849395752,"Tuarangi Home",39.9971849395752,"Ashburton Hospital",39.271718213648,"Timaru Hospital",61.2019826432049,"Burwood Hospital",121.931059291389,"Bidwill Trust Hospital",59.6994680718201,NA,NA,NA,NA,NA
"Bexley",78,25,"Theft and Related Offences","Burwood Hospital",4.40324043569946,"Christchurch Hospital",7.07944752082832,"Tuarangi Home",88.1783779916309,"Burwood Hospital",4.40324043569946,"Christchurch Hospital",7.07944752082832,"The Princess Margaret Hospital",9.46104127835861,"Burwood Hospital",4.40324043569946,"Burwood Hospital",4.40324043569946,NA,NA,NA,NA,NA
"Bishopdale",67,85,"Unlawful Entry With Intent/Burglary, Break and Enter","Nurse Maude Hospice",3.45088553545077,"Christchurch Hospital",5.39986356995861,"Tuarangi Home",81.0650897403432,"Burwood Hospital",7.98609246595255,"St George's Hospital",3.17917689380786,"Hillmorton Hospital",6.53346695460573,"Burwood Hospital",7.98609246595255,"St George's Hospital",3.17917689380786,NA,NA,NA,NA,NA
"Bishopdale North",133,95,"Theft and Related Offences","Nurse Maude Hospice",4.99694539436513,"Christchurch Hospital",7.10665097072437,"Tuarangi Home",81.3591262366761,"Burwood Hospital",8.60583187450267,"St George's Hospital",4.73133046248527,"Hillmorton Hospital",8.18898148373238,"Burwood Hospital",8.60583187450267,"St George's Hospital",4.73133046248527,5.5,2,0,0,0
"Bromley",139,130,"Theft and Related Offences","Southern Cross Hospital Christchurch",5.30448626181054,"Christchurch Hospital",5.82668199525544,"Tuarangi Home",86.340580342002,"Burwood Hospital",5.97665944858873,"Christchurch Hospital",5.82668199525544,"The Princess Margaret Hospital",7.47455364715868,"Burwood Hospital",5.97665944858873,"Forte Health Hospital",4.91049243115552,3,1,0,0,0
"Broomfield",69,23,"Unlawful Entry With Intent/Burglary, Break and Enter","Nurse Maude Hospice",6.95793304638038,"Christchurch Hospital",7.00045815562921,"Tuarangi Home",75.887427633464,"Burwood Hospital",12.7016439657531,"St George's Hospital",6.7704180214642,"Hillmorton Hospital",5.43740218201646,"Burwood Hospital",12.7016439657531,"St George's Hospital",6.7704180214642,NA,NA,NA,NA,NA
"Bryndwr",57,38,"Theft and Related Offences","Nurse Maude Hospice",2.15988322415992,"Christchurch Hospital",3.27678649560031,"Tuarangi Home",80.5256236708011,"Burwood Hospital",7.91448062141095,"St George's Hospital",1.95440545352609,"Hillmorton Hospital",4.3633196673518,"Burwood Hospital",7.91448062141095,"St George's Hospital",1.95440545352609,10,1,0,0,0
"Burnham Military Camp",18,6,"Theft and Related Offences","Ellesmere Hospital",15.6165512675796,"Christchurch Hospital",27.0654830106356,"Tuarangi Home",54.9721453624107,"Ellesmere Hospital",15.6165512675796,"Lincoln Maternity Hospital",14.6160849581282,"Hillmorton Hospital",24.1666888043896,"Burwood Hospital",33.7107213483957,"Christchurch Hospital",27.0654830106356,9,1,0,0,0
"Burnside",43,18,"Unlawful Entry With Intent/Burglary, Break and Enter","Nurse Maude Hospice",4.16142658158853,"Christchurch Hospital",5.50555109832089,"Tuarangi Home",79.595240012773,"Burwood Hospital",9.30243129335862,"St George's Hospital",3.90443260073226,"Hillmorton Hospital",5.87934589530151,"Burwood Hospital",9.30243129335862,"St George's Hospital",3.90443260073226,NA,NA,NA,NA,NA
"Burwood",43,21,"Acts Intended to Cause Injury","Burwood Hospital",2.90060089870292,"Christchurch Hospital",4.82274551461882,"Tuarangi Home",86.0930353622554,"Burwood Hospital",2.90060089870292,"St George's Hospital",4.18068329665588,"Hillmorton Hospital",7.96858220117566,"Burwood Hospital",2.90060089870292,"Burwood Hospital",2.90060089870292,1,0,0,0,1
"Camside",5,1,"Theft and Related Offences","Burwood Hospital",11.277406535977,"Christchurch Hospital",17.8148144484781,"Tuarangi Home",95.2216602043455,"Burwood Hospital",11.277406535977,"Rangiora Hospital",12.7564450925139,"Hillmorton Hospital",20.5581559411522,"Burwood Hospital",11.277406535977,"Burwood Hospital",11.277406535977,NA,NA,NA,NA,NA
"Casebrook",82,136,"Theft and Related Offences","Nurse Maude Hospice",3.31459707886427,"Christchurch Hospital",5.69056411747893,"Tuarangi Home",82.4517993863747,"Burwood Hospital",6.81901679246533,"St George's Hospital",3.07026944874619,"Hillmorton Hospital",7.39452700812,"Burwood Hospital",6.81901679246533,"St George's Hospital",3.07026944874619,6,0,0,0,1
"Cashmere East",79,66,"Theft and Related Offences","Christchurch Hospital",6.21354146914183,"Christchurch Hospital",6.21354146914183,"Tuarangi Home",79.6532372227598,"Burwood Hospital",12.3032894465646,"Christchurch Hospital",6.21354146914183,"The Princess Margaret Hospital",2.64582738175991,"Burwood Hospital",12.3032894465646,"Christchurch Hospital",6.21354146914183,10,1,0,0,0
"Cashmere West",112,126,"Theft and Related Offences","Christchurch Hospital",5.13781531955653,"Christchurch Hospital",5.13781531955653,"Tuarangi Home",79.5513528804949,"Burwood Hospital",11.5596758365075,"Christchurch Hospital",5.13781531955653,"The Princess Margaret Hospital",1.53959978428219,"Burwood Hospital",11.5596758365075,"Christchurch Hospital",5.13781531955653,10,1,0,0,0
"Cathedral Square",515,1612,"Theft and Related Offences","Christchurch Hospital",1.09729040454463,"Christchurch Hospital",1.09729040454463,"Tuarangi Home",82.1723016701095,"Burwood Hospital",6.98878951855864,"Christchurch Hospital",1.09729040454463,"Hillmorton Hospital",3.93794242148136,"Burwood Hospital",6.98878951855864,"Forte Health Hospital",1.06985662561215,6.6,1,3,1,0
"Chertsey",120,8,"Theft and Related Offences","Ashburton Hospital",13.2450122127829,"Christchurch Hospital",68.0431759160761,"Tuarangi Home",13.2852218566456,"Tuarangi Home",13.2852218566456,"Ashburton Hospital",13.2450122127829,"Hillmorton Hospital",64.951740599427,"Burwood Hospital",75.126889042428,"Christchurch Hospital",68.0431759160761,8,3,0,0,0
"Cheviot",4,7,"Theft and Related Offences","Waikari Hospital",50.1567652829887,"Christchurch Hospital",95.2735390698666,"Tuarangi Home",172.186867379842,"Waikari Hospital",50.1567652829887,"Kaikoura Hospital",56.9327783791008,"Hillmorton Hospital",98.3170131722038,"Burwood Hospital",87.8353058580372,"Burwood Hospital",87.8353058580372,4,0,0,1,0
"Clarkville",138,31,"Theft and Related Offences","Burwood Hospital",9.5996867403839,"Christchurch Hospital",14.7737022830328,"Tuarangi Home",90.704725203417,"Burwood Hospital",9.5996867403839,"St George's Hospital",12.1448742752426,"Hillmorton Hospital",17.1861699877218,"Burwood Hospital",9.5996867403839,"Burwood Hospital",9.5996867403839,10,1,0,0,0
"Coldstream",44,7,"Theft and Related Offences","Rangiora Hospital",5.79134089701444,"Christchurch Hospital",26.8838294313868,"Tuarangi Home",100.009018131417,"Burwood Hospital",20.9626200615542,"Rangiora Hospital",5.79134089701444,"Hillmorton Hospital",29.3094719844985,"Burwood Hospital",20.9626200615542,"Burwood Hospital",20.9626200615542,NA,NA,NA,NA,NA
"Courtenay",2,NA,NA,"Burwood Hospital",10.4341301498452,"Christchurch Hospital",16.2642617700948,"Tuarangi Home",92.7087264210772,"Burwood Hospital",10.4341301498452,"Rangiora Hospital",12.3909746668543,"Hillmorton Hospital",18.8215380594122,"Burwood Hospital",10.4341301498452,"Burwood Hospital",10.4341301498452,NA,NA,NA,NA,NA
"Culverden",12,4,"Theft and Related Offences","Waikari Hospital",24.5940462677616,"Christchurch Hospital",85.8100138391588,"Tuarangi Home",153.223660309166,"Waikari Hospital",24.5940462677616,"Rangiora Hospital",60.3100180258875,"Hillmorton Hospital",88.365089081848,"Burwood Hospital",79.2274178069317,"Burwood Hospital",79.2274178069317,8,0,0,1,0
"Cust",8,3,"Theft and Related Offences","Rangiora Hospital",15.7747579021602,"Christchurch Hospital",30.7079475673523,"Tuarangi Home",84.1248546891208,"Oxford Hospital",16.86608815198,"Rangiora Hospital",15.7747579021602,"Hillmorton Hospital",31.1547732577104,"Burwood Hospital",29.7369234269329,"St George's Hospital",28.2986319911136,10,1,0,0,0
"Dallington",18,26,"Theft and Related Offences","Southern Cross Hospital Christchurch",3.1956038447061,"Christchurch Hospital",4.44643008775373,"Tuarangi Home",85.7692022512926,"Burwood Hospital",3.72138121193277,"St George's Hospital",4.36156369799311,"Hillmorton Hospital",7.55050108575738,"Burwood Hospital",3.72138121193277,"Forte Health Hospital",3.13549522918389,4,1,0,0,0
"Darfield",14,22,"Theft and Related Offences","Darfield Hospital",0.628026371098558,"Christchurch Hospital",41.7691935894444,"Tuarangi Home",54.5652255411377,"Darfield Hospital",0.628026371098558,"Lincoln Maternity Hospital",34.551370408747,"Hillmorton Hospital",39.749554847062,"Burwood Hospital",46.2120585331988,"St George's Hospital",41.0868804005448,8.5,1,1,0,0
"Deans Bush",50,35,"Theft and Related Offences","Christchurch Hospital",2.54140273094369,"Christchurch Hospital",2.54140273094369,"Tuarangi Home",79.9171455693523,"Burwood Hospital",8.47725445880075,"St George's Hospital",2.46847489279658,"Hillmorton Hospital",3.15584242575284,"Burwood Hospital",8.47725445880075,"St George's Hospital",2.46847489279658,10,0,1,0,0
"Diamond Harbour",18,7,"Acts Intended to Cause Injury","Christchurch Hospital",13.7430374168683,"Christchurch Hospital",13.7430374168683,"Tuarangi Home",82.5549056781907,"Burwood Hospital",17.7169752727815,"Christchurch Hospital",13.7430374168683,"The Princess Margaret Hospital",10.7140045857962,"Burwood Hospital",17.7169752727815,"Christchurch Hospital",13.7430374168683,10,1,0,0,0
"Dunsandel",11,6,"Theft and Related Offences","Ellesmere Hospital",14.1937467464895,"Christchurch Hospital",38.0923205976454,"Tuarangi Home",44.0760746137545,"Ellesmere Hospital",14.1937467464895,"Lincoln Maternity Hospital",24.5660725804692,"Hillmorton Hospital",35.1440338057656,"Burwood Hospital",44.791508135119,"Christchurch Hospital",38.0923205976454,9,1,0,0,0
"Duntroon",3,3,"Theft and Related Offences","Hospice South Canterbury",67.0477861755639,"Timaru Hospital",67.282663048968,"Tuarangi Home",135.445517159325,"Tuarangi Home",135.445517159325,"Timaru Hospital",67.282663048968,"Timaru Hospital",67.282663048968,"Burwood Hospital",220.756611723767,"Timaru Hospital",67.282663048968,NA,NA,NA,NA,NA
"Edgeware",108,70,"Theft and Related Offences","Southern Cross Hospital Christchurch",1.22264519106265,"Christchurch Hospital",2.77195183408986,"Tuarangi Home",83.9645546584227,"Burwood Hospital",4.71010762307171,"St George's Hospital",2.35331100734604,"Hillmorton Hospital",5.90705743457324,"Burwood Hospital",4.71010762307171,"Southern Cross Hospital Christchurch",1.22264519106265,NA,NA,NA,NA,NA
"Ensors",98,104,"Theft and Related Offences","Christchurch Hospital",3.55897821709722,"Christchurch Hospital",3.55897821709722,"Tuarangi Home",83.6440377463267,"Burwood Hospital",7.11353284243586,"Christchurch Hospital",3.55897821709722,"The Princess Margaret Hospital",4.82011579223863,"Burwood Hospital",7.11353284243586,"Forte Health Hospital",3.13479115613055,2,1,0,0,0
"Eyrewell",15,3,"Unlawful Entry With Intent/Burglary, Break and Enter","Oxford Hospital",17.082754732328,"Christchurch Hospital",26.4465577382183,"Tuarangi Home",76.3729168667417,"Oxford Hospital",17.082754732328,"Rangiora Hospital",20.8008087368375,"Hillmorton Hospital",26.1204205308445,"Burwood Hospital",27.5048013479769,"St George's Hospital",24.4672150931124,NA,NA,NA,NA,NA
"Fairlie",5,11,"Unlawful Entry With Intent/Burglary, Break and Enter","Hospice South Canterbury",44.4572681599289,"Timaru Hospital",48.5036072041559,"Tuarangi Home",76.9413676392863,"Tuarangi Home",76.9413676392863,"Timaru Hospital",48.5036072041559,"Timaru Hospital",48.5036072041559,"Burwood Hospital",163.824379354047,"Bidwill Trust Hospital",46.6394393031742,7,2,1,0,0
"Fairton",17,6,"Unlawful Entry With Intent/Burglary, Break and Enter","Ashburton Hospital",4.55404313725531,"Timaru Hospital",72.9460176473697,"Tuarangi Home",4.70323843581429,"Tuarangi Home",4.70323843581429,"Ashburton Hospital",4.55404313725531,"Timaru Hospital",72.9460176473697,"Burwood Hospital",83.7262675180774,"Bidwill Trust Hospital",72.4177365178688,6,1,0,0,0
"Fairview-Scarborough",31,3,"Unlawful Entry With Intent/Burglary, Break and Enter","Timaru Hospital",2.58823255411635,"Timaru Hospital",2.58823255411635,"Tuarangi Home",70.8460696029743,"Tuarangi Home",70.8460696029743,"Timaru Hospital",2.58823255411635,"Timaru Hospital",2.58823255411635,"Burwood Hospital",156.300727673937,"Timaru Hospital",2.58823255411635,9,1,0,0,0
"Fendalton",76,90,"Theft and Related Offences","Nurse Maude Hospice",3.12224748570615,"Christchurch Hospital",3.75730657632376,"Tuarangi Home",79.5446962142325,"Burwood Hospital",8.90626432174495,"St George's Hospital",2.93214128888606,"Hillmorton Hospital",4.05599704929638,"Burwood Hospital",8.90626432174495,"St George's Hospital",2.93214128888606,7,3,0,0,1
"Fernside",60,4,"Unlawful Entry With Intent/Burglary, Break and Enter","Rangiora Hospital",4.72020053718773,"Christchurch Hospital",25.2634340777619,"Tuarangi Home",91.5991144071337,"Burwood Hospital",21.7208992170831,"Rangiora Hospital",4.72020053718773,"Hillmorton Hospital",26.8326213097159,"Burwood Hospital",21.7208992170831,"Burwood Hospital",21.7208992170831,10,1,0,0,0
"Ferrymead",95,137,"Theft and Related Offences","Southern Cross Hospital Christchurch",5.52648942327918,"Christchurch Hospital",5.54008091466393,"Tuarangi Home",85.082332515088,"Burwood Hospital",7.51579845075617,"Christchurch Hospital",5.54008091466393,"The Princess Margaret Hospital",6.2166965990038,"Burwood Hospital",7.51579845075617,"Forte Health Hospital",4.98938791144669,3.5,2,0,0,0
"Fraser Park",51,15,"Theft and Related Offences","Hospice South Canterbury",1.74835100457609,"Timaru Hospital",2.33901970814174,"Tuarangi Home",68.3678109996859,"Tuarangi Home",68.3678109996859,"Timaru Hospital",2.33901970814174,"Timaru Hospital",2.33901970814174,"Burwood Hospital",154.192859601917,"Bidwill Trust Hospital",0.740076500822136,6,1,1,0,0
"Geraldine",32,14,"Theft and Related Offences","Hospice South Canterbury",32.5972606623736,"Timaru Hospital",35.0231868699386,"Tuarangi Home",45.7527267158588,"Tuarangi Home",45.7527267158588,"Timaru Hospital",35.0231868699386,"Timaru Hospital",35.0231868699386,"Burwood Hospital",134.041813421081,"Bidwill Trust Hospital",33.4913425446314,8,1,1,0,0
"Gleniti",9,1,"Sexual Assault and Related Offences","Hospice South Canterbury",1.34419813075648,"Timaru Hospital",5.24467154824946,"Tuarangi Home",69.208007733481,"Tuarangi Home",69.208007733481,"Timaru Hospital",5.24467154824946,"Timaru Hospital",5.24467154824946,"Burwood Hospital",155.563359636061,"Bidwill Trust Hospital",3.61674591175009,9,1,0,0,0
"Glenwood",22,15,"Theft and Related Offences","Hospice South Canterbury",0.485350337011046,"Timaru Hospital",4.37527588529446,"Tuarangi Home",68.8091741884963,"Tuarangi Home",68.8091741884963,"Timaru Hospital",4.37527588529446,"Timaru Hospital",4.37527588529446,"Burwood Hospital",155.020636838709,"Bidwill Trust Hospital",2.70936868446427,NA,NA,NA,NA,NA
"Governors Bay",58,9,"Theft and Related Offences","Christchurch Hospital",11.7403474784342,"Christchurch Hospital",11.7403474784342,"Tuarangi Home",77.602970371593,"Burwood Hospital",17.67013571145,"Christchurch Hospital",11.7403474784342,"The Princess Margaret Hospital",7.76105302673462,"Burwood Hospital",17.67013571145,"Christchurch Hospital",11.7403474784342,10,1,0,0,0
"Hagley Park",176,306,"Theft and Related Offences","Christchurch Hospital",0.63596067520171,"Christchurch Hospital",0.63596067520171,"Tuarangi Home",81.6660428148654,"Burwood Hospital",6.98744786412873,"Christchurch Hospital",0.63596067520171,"Hillmorton Hospital",3.61131281900605,"Burwood Hospital",6.98744786412873,"Christchurch Hospital",0.63596067520171,10,1,1,0,0
"Halswell Domain",14,30,"Theft and Related Offences","Christchurch Hospital",6.81448519092916,"Christchurch Hospital",6.81448519092916,"Tuarangi Home",74.8940142807221,"Burwood Hospital",14.292921400483,"Christchurch Hospital",6.81448519092916,"Hillmorton Hospital",3.72047605398786,"Burwood Hospital",14.292921400483,"Christchurch Hospital",6.81448519092916,NA,NA,NA,NA,NA
"Halswell South",17,48,"Theft and Related Offences","Christchurch Hospital",7.32880391265647,"Christchurch Hospital",7.32880391265647,"Tuarangi Home",74.5064344873818,"Burwood Hospital",14.8081750533629,"Christchurch Hospital",7.32880391265647,"Hillmorton Hospital",4.26119558640473,"Burwood Hospital",14.8081750533629,"Christchurch Hospital",7.32880391265647,10,1,0,0,0
"Halswell West",86,20,"Theft and Related Offences","Christchurch Hospital",8.3037748641645,"Christchurch Hospital",8.3037748641645,"Tuarangi Home",73.0293426941517,"Burwood Hospital",15.6007420874474,"Lincoln Maternity Hospital",7.78116311088972,"Hillmorton Hospital",5.20948780537419,"Burwood Hospital",15.6007420874474,"Christchurch Hospital",8.3037748641645,69.3333333333333,2,1,0,0
"Hampstead",23,17,"Theft and Related Offences","Tuarangi Home",0.484143825527617,"Timaru Hospital",68.245269444137,"Tuarangi Home",0.484143825527617,"Tuarangi Home",0.484143825527617,"Ashburton Hospital",1.88517835222984,"Timaru Hospital",68.245269444137,"Burwood Hospital",88.3683077111943,"Bidwill Trust Hospital",67.6987869440288,4,1,0,0,0
"Hanmer Springs",9,11,"Unlawful Entry With Intent/Burglary, Break and Enter","Waikari Hospital",50.7371881663304,"Christchurch Hospital",113.540516283064,"Tuarangi Home",176.660554056655,"Waikari Hospital",50.7371881663304,"Kaikoura Hospital",71.1540396504379,"Hillmorton Hospital",115.972509666575,"Burwood Hospital",107.177846143513,"Burwood Hospital",107.177846143513,9,1,0,0,0
"Harewood",64,35,"Theft and Related Offences","Nurse Maude Hospice",4.94061091361677,"Christchurch Hospital",6.85966735716147,"Tuarangi Home",80.6750332742396,"Burwood Hospital",9.02533522108049,"St George's Hospital",4.66937302848452,"Hillmorton Hospital",7.69204523310601,"Burwood Hospital",9.02533522108049,"St George's Hospital",4.66937302848452,6.66666666666667,2,0,0,1
"Hawthornden",29,18,"Theft and Related Offences","Nurse Maude Hospice",5.78081676676216,"Christchurch Hospital",6.65847699206074,"Tuarangi Home",77.8756109563167,"Burwood Hospital",11.0963645446095,"St George's Hospital",5.54108923312284,"Hillmorton Hospital",6.18359258559032,"Burwood Hospital",11.0963645446095,"St George's Hospital",5.54108923312284,NA,NA,NA,NA,NA
"Heathcote Valley",49,41,"Theft and Related Offences","Christchurch Hospital",7.40323884980589,"Christchurch Hospital",7.40323884980589,"Tuarangi Home",84.8450936773837,"Burwood Hospital",9.94282920643473,"Christchurch Hospital",7.40323884980589,"The Princess Margaret Hospital",6.64483743905419,"Burwood Hospital",9.94282920643473,"Forte Health Hospital",7.16375745019471,9,1,0,0,0
"Hendersons Basin",38,20,"Theft and Related Offences","Christchurch Hospital",5.64284671190996,"Christchurch Hospital",5.64284671190996,"Tuarangi Home",76.3038265479529,"Burwood Hospital",13.1031086362402,"Christchurch Hospital",5.64284671190996,"The Princess Margaret Hospital",2.69252121507968,"Burwood Hospital",13.1031086362402,"Christchurch Hospital",5.64284671190996,NA,NA,NA,NA,NA
"Highfield",75,49,"Theft and Related Offences","Hospice South Canterbury",0.854283045666923,"Timaru Hospital",3.25530477665653,"Tuarangi Home",68.2075088399366,"Tuarangi Home",68.2075088399366,"Timaru Hospital",3.25530477665653,"Timaru Hospital",3.25530477665653,"Burwood Hospital",154.21959610146,"Bidwill Trust Hospital",1.48197966479871,7.5,1,1,0,0
"Highfield Park",66,12,"Theft and Related Offences","Burwood Hospital",2.76435282000431,"Christchurch Hospital",6.41457804472993,"Tuarangi Home",86.2554970729738,"Burwood Hospital",2.76435282000431,"St George's Hospital",4.18659252746768,"Hillmorton Hospital",9.26655587093115,"Burwood Hospital",2.76435282000431,"Burwood Hospital",2.76435282000431,NA,NA,NA,NA,NA
"Hillmorton",72,48,"Theft and Related Offences","Christchurch Hospital",3.94930039253409,"Christchurch Hospital",3.94930039253409,"Tuarangi Home",77.4657318307932,"Burwood Hospital",11.4039252886289,"Christchurch Hospital",3.94930039253409,"Hillmorton Hospital",0.805897602892878,"Burwood Hospital",11.4039252886289,"Christchurch Hospital",3.94930039253409,2.25,2,1,0,1
"Hinds",168,22,"Acts Intended to Cause Injury","Ashburton Hospital",13.5557175647165,"Timaru Hospital",58.1129842814342,"Tuarangi Home",13.644983982366,"Tuarangi Home",13.644983982366,"Ashburton Hospital",13.5557175647165,"Timaru Hospital",58.1129842814342,"Burwood Hospital",101.674216265314,"Bidwill Trust Hospital",57.307609456556,8,3,0,0,0
"Holmwood",36,13,"Theft and Related Offences","Nurse Maude Hospice",1.70274898067046,"Christchurch Hospital",2.20100832598824,"Tuarangi Home",80.7802258031466,"Burwood Hospital",7.61438574530884,"St George's Hospital",1.62010241500744,"Hillmorton Hospital",3.7028753877812,"Burwood Hospital",7.61438574530884,"St George's Hospital",1.62010241500744,NA,NA,NA,NA,NA
"Hoon Hay",26,53,"Unlawful Entry With Intent/Burglary, Break and Enter","Christchurch Hospital",3.61992852378158,"Christchurch Hospital",3.61992852378158,"Tuarangi Home",78.249852218672,"Burwood Hospital",11.0527791265939,"Christchurch Hospital",3.61992852378158,"Hillmorton Hospital",1.2858045521619,"Burwood Hospital",11.0527791265939,"Christchurch Hospital",3.61992852378158,9,2,0,0,0
"Hoon Hay South",20,12,"Theft and Related Offences","Christchurch Hospital",4.14233743846783,"Christchurch Hospital",4.14233743846783,"Tuarangi Home",78.4213108362,"Burwood Hospital",11.379445547891,"Christchurch Hospital",4.14233743846783,"The Princess Margaret Hospital",0.632406529386409,"Burwood Hospital",11.379445547891,"Christchurch Hospital",4.14233743846783,NA,NA,NA,NA,NA
"Hornby North",157,336,"Theft and Related Offences","Christchurch Hospital",8.00724342497261,"Christchurch Hospital",8.00724342497261,"Tuarangi Home",74.1753483111683,"Burwood Hospital",14.2869749665748,"Christchurch Hospital",8.00724342497261,"Hillmorton Hospital",5.77714442194105,"Burwood Hospital",14.2869749665748,"Christchurch Hospital",8.00724342497261,3.33333333333333,2,1,0,0
"Hornby South",95,94,"Theft and Related Offences","Christchurch Hospital",7.79251137612455,"Christchurch Hospital",7.79251137612455,"Tuarangi Home",74.0676504956947,"Burwood Hospital",14.337375245062,"Christchurch Hospital",7.79251137612455,"Hillmorton Hospital",5.35172511843101,"Burwood Hospital",14.337375245062,"Christchurch Hospital",7.79251137612455,4,1,0,0,0
"Hurunui",153,23,"Theft and Related Offences","Waikari Hospital",12.3211517896458,"Christchurch Hospital",65.8451138791383,"Tuarangi Home",136.673577953449,"Waikari Hospital",12.3211517896458,"Rangiora Hospital",41.4578657160822,"Hillmorton Hospital",68.505276260333,"Burwood Hospital",59.0806871004016,"Burwood Hospital",59.0806871004016,6.4,4,0,1,0
"Ilam",68,33,"Unlawful Entry With Intent/Burglary, Break and Enter","Nurse Maude Hospice",4.40313512160247,"Christchurch Hospital",4.64375786482963,"Tuarangi Home",78.2623987505578,"Burwood Hospital",10.2043517769832,"St George's Hospital",4.22293465561885,"Hillmorton Hospital",4.01271258462114,"Burwood Hospital",10.2043517769832,"St George's Hospital",4.22293465561885,NA,NA,NA,NA,NA
"Islington",146,86,"Theft and Related Offences","Christchurch Hospital",9.5040527510812,"Christchurch Hospital",9.5040527510812,"Tuarangi Home",72.4701795406668,"Burwood Hospital",15.9733943054082,"Christchurch Hospital",9.5040527510812,"Hillmorton Hospital",6.99059278255131,"Burwood Hospital",15.9733943054082,"Christchurch Hospital",9.5040527510812,2,1,0,0,0
"Jellie Park",50,62,"Theft and Related Offences","Nurse Maude Hospice",3.17054454747458,"Christchurch Hospital",4.42974025083131,"Tuarangi Home",80.0109285125417,"Burwood Hospital",8.61157862949249,"St George's Hospital",2.92703678226692,"Hillmorton Hospital",5.06565588325518,"Burwood Hospital",8.61157862949249,"St George's Hospital",2.92703678226692,8,1,0,0,0
"Kaiapoi East",10,11,"Theft and Related Offences","Burwood Hospital",11.2693917837378,"Christchurch Hospital",17.2193955272358,"Tuarangi Home",93.5507614475045,"Burwood Hospital",11.2693917837378,"Rangiora Hospital",11.7448614957719,"Hillmorton Hospital",19.7909825194596,"Burwood Hospital",11.2693917837378,"Burwood Hospital",11.2693917837378,NA,NA,NA,NA,NA
"Kaiapoi North East",12,15,"Theft and Related Offences","Rangiora Hospital",10.968228051375,"Christchurch Hospital",18.3858658511847,"Tuarangi Home",94.5300902324013,"Burwood Hospital",12.3371668608074,"Rangiora Hospital",10.968228051375,"Hillmorton Hospital",20.9656563930757,"Burwood Hospital",12.3371668608074,"Burwood Hospital",12.3371668608074,7,1,0,0,0
"Kaiapoi North West",65,57,"Theft and Related Offences","Rangiora Hospital",10.4887508123369,"Christchurch Hospital",18.1662112389629,"Tuarangi Home",93.7019822127455,"Burwood Hospital",12.4308686816883,"Rangiora Hospital",10.4887508123369,"Hillmorton Hospital",20.6511492379064,"Burwood Hospital",12.4308686816883,"Burwood Hospital",12.4308686816883,NA,NA,NA,NA,NA
"Kaiapoi South",41,118,"Theft and Related Offences","Burwood Hospital",10.9160352067613,"Christchurch Hospital",16.6090667731545,"Tuarangi Home",92.658977882412,"Burwood Hospital",10.9160352067613,"Rangiora Hospital",11.8535277392608,"Hillmorton Hospital",19.1168596136133,"Burwood Hospital",10.9160352067613,"Burwood Hospital",10.9160352067613,6,2,0,0,0
"Kaiapoi West",16,7,"Unlawful Entry With Intent/Burglary, Break and Enter","Rangiora Hospital",11.1648300418911,"Christchurch Hospital",16.8818784195708,"Tuarangi Home",92.2134057328008,"Burwood Hospital",11.5006459399019,"Rangiora Hospital",11.1648300418911,"Hillmorton Hospital",19.2878431376983,"Burwood Hospital",11.5006459399019,"Burwood Hospital",11.5006459399019,NA,NA,NA,NA,NA
"Kaikoura Rural",185,14,"Unlawful Entry With Intent/Burglary, Break and Enter","Kaikoura Hospital",9.50574266798618,"Christchurch Hospital",160.93955329052,"Tuarangi Home",236.863464014552,"Kaikoura Hospital",9.50574266798618,"Kaikoura Hospital",9.50574266798618,"Hillmorton Hospital",163.982487541713,"Burwood Hospital",153.499139323257,"Burwood Hospital",153.499139323257,NA,NA,NA,NA,NA
"Kaikoura Township",87,55,"Theft and Related Offences","Kaikoura Hospital",0.527488834917493,"Christchurch Hospital",152.533071370004,"Tuarangi Home",229.028288468714,"Kaikoura Hospital",0.527488834917493,"Kaikoura Hospital",0.527488834917493,"Hillmorton Hospital",155.591849305701,"Burwood Hospital",145.078246489377,"Burwood Hospital",145.078246489377,NA,NA,NA,NA,NA
"Kennedys Bush",6,10,"Theft and Related Offences","Christchurch Hospital",8.76341538652239,"Christchurch Hospital",8.76341538652239,"Tuarangi Home",75.9259295601304,"Burwood Hospital",15.709739720095,"Christchurch Hospital",8.76341538652239,"The Princess Margaret Hospital",4.59929454424105,"Burwood Hospital",15.709739720095,"Christchurch Hospital",8.76341538652239,NA,NA,NA,NA,NA
"Kingsbury",13,12,"Unlawful Entry With Intent/Burglary, Break and Enter","Rangiora Hospital",0.46605786486974,"Christchurch Hospital",27.0061200552682,"Tuarangi Home",95.7871962591584,"Burwood Hospital",22.3950697432176,"Rangiora Hospital",0.46605786486974,"Hillmorton Hospital",28.9442036014371,"Burwood Hospital",22.3950697432176,"Burwood Hospital",22.3950697432176,NA,NA,NA,NA,NA
"Kirwee",147,16,"Unlawful Entry With Intent/Burglary, Break and Enter","Darfield Hospital",8.60131034515559,"Christchurch Hospital",34.302341967458,"Tuarangi Home",54.4035036052355,"Darfield Hospital",8.60131034515559,"Lincoln Maternity Hospital",25.7108458855069,"Hillmorton Hospital",31.986340058134,"Burwood Hospital",39.5287852302842,"St George's Hospital",33.996909896324,10,2,0,0,0
"Kurow",2,NA,NA,"Hospice South Canterbury",71.0240973082153,"Timaru Hospital",72.4617609290211,"Tuarangi Home",137.798240985137,"Tuarangi Home",137.798240985137,"Timaru Hospital",72.4617609290211,"Timaru Hospital",72.4617609290211,"Burwood Hospital",225.27723594374,"Bidwill Trust Hospital",72.289245639097,NA,NA,NA,NA,NA
"Lake Tekapo",24,9,"Theft and Related Offences","Hospice South Canterbury",73.0342945469311,"Timaru Hospital",77.118919529442,"Tuarangi Home",103.234439289242,"Tuarangi Home",103.234439289242,"Timaru Hospital",77.118919529442,"Timaru Hospital",77.118919529442,"Burwood Hospital",186.951923782656,"Bidwill Trust Hospital",75.3301656667118,10,1,0,0,0
"Lake Tennyson",1,NA,NA,"Waikari Hospital",58.2286813295155,"Christchurch Hospital",121.196366354096,"Tuarangi Home",183.045031363991,"Waikari Hospital",58.2286813295155,"Kaikoura Hospital",71.3113192086445,"Hillmorton Hospital",123.589539641726,"Burwood Hospital",114.906345514884,"Burwood Hospital",114.906345514884,NA,NA,NA,NA,NA
"Leeston",12,14,"Theft and Related Offences","Ellesmere Hospital",0.458046053049067,"Christchurch Hospital",36.3560081942963,"Tuarangi Home",46.682609508062,"Ellesmere Hospital",0.458046053049067,"Lincoln Maternity Hospital",20.6854473352319,"Hillmorton Hospital",33.2122615925736,"Burwood Hospital",43.7928851006214,"Christchurch Hospital",36.3560081942963,8,1,1,0,0
"Lehmans",22,10,"Theft and Related Offences","Rangiora Hospital",2.41092180796657,"Christchurch Hospital",25.7377539343718,"Tuarangi Home",93.8439647511339,"Burwood Hospital",21.5341619105146,"Rangiora Hospital",2.41092180796657,"Hillmorton Hospital",27.5447005420513,"Burwood Hospital",21.5341619105146,"Burwood Hospital",21.5341619105146,7,1,0,0,0
"Leithfield",101,12,"Theft and Related Offences","Rangiora Hospital",18.0832389017166,"Christchurch Hospital",42.3275792685078,"Tuarangi Home",114.242704878562,"Waikari Hospital",21.709548457398,"Rangiora Hospital",18.0832389017166,"Hillmorton Hospital",44.8876527015677,"Burwood Hospital",35.8665544157752,"Burwood Hospital",35.8665544157752,7.66666666666667,3,0,0,0
"Levels",197,23,"Theft and Related Offences","Hospice South Canterbury",6.37824274888621,"Timaru Hospital",10.0368569296337,"Tuarangi Home",65.2219960230015,"Tuarangi Home",65.2219960230015,"Timaru Hospital",10.0368569296337,"Timaru Hospital",10.0368569296337,"Burwood Hospital",152.375742268549,"Bidwill Trust Hospital",8.15926714124845,9,1,0,0,0
"Lincoln",73,61,"Theft and Related Offences","Christchurch Hospital",16.463985331925,"Christchurch Hospital",16.463985331925,"Tuarangi Home",65.4959812067649,"Ellesmere Hospital",19.4638983352145,"Lincoln Maternity Hospital",0.801127216669743,"Hillmorton Hospital",13.3243719036485,"Burwood Hospital",23.9183620717505,"Christchurch Hospital",16.463985331925,10,2,1,0,0
"Linwood",181,214,"Theft and Related Offences","Southern Cross Hospital Christchurch",2.11210044902198,"Christchurch Hospital",2.66142105230556,"Tuarangi Home",83.8248682977046,"Burwood Hospital",5.71547996200486,"Christchurch Hospital",2.66142105230556,"The Princess Margaret Hospital",5.55675584270792,"Burwood Hospital",5.71547996200486,"Forte Health Hospital",1.6556914917615,NA,NA,NA,NA,NA
"Linwood East",76,655,"Theft and Related Offences","Southern Cross Hospital Christchurch",3.74327881418403,"Christchurch Hospital",4.29379121458011,"Tuarangi Home",85.1513232031302,"Burwood Hospital",5.57440966655502,"Christchurch Hospital",4.29379121458011,"The Princess Margaret Hospital",6.45378901270596,"Burwood Hospital",5.57440966655502,"Forte Health Hospital",3.33900744405756,NA,NA,NA,NA,NA
"Linwood North",84,99,"Theft and Related Offences","Southern Cross Hospital Christchurch",3.32303351298337,"Christchurch Hospital",3.99827008820494,"Tuarangi Home",85.0331266513742,"Burwood Hospital",5.27036787542532,"Christchurch Hospital",3.99827008820494,"The Princess Margaret Hospital",6.46270643390494,"Burwood Hospital",5.27036787542532,"Forte Health Hospital",2.95854593567158,4,0,0,1,0
"Little River",107,1,"Unlawful Entry With Intent/Burglary, Break and Enter","Christchurch Hospital",26.1040150374835,"Christchurch Hospital",26.1040150374835,"Tuarangi Home",78.8227514416465,"Burwood Hospital",30.9807585955901,"Lincoln Maternity Hospital",22.8458532437289,"The Princess Margaret Hospital",22.2856996442269,"Burwood Hospital",30.9807585955901,"Christchurch Hospital",26.1040150374835,9,1,0,0,0
"Loburn",49,10,"Theft and Related Offences","Rangiora Hospital",5.03624983896678,"Christchurch Hospital",31.6372474911312,"Tuarangi Home",96.9137033188964,"Burwood Hospital",27.4146111347781,"Rangiora Hospital",5.03624983896678,"Hillmorton Hospital",33.3666711639672,"Burwood Hospital",27.4146111347781,"Burwood Hospital",27.4146111347781,9,2,0,0,0
"Lyttelton",99,57,"Unlawful Entry With Intent/Burglary, Break and Enter","Christchurch Hospital",9.82721143498245,"Christchurch Hospital",9.82721143498245,"Tuarangi Home",82.6293321940504,"Burwood Hospital",13.8715994586017,"Christchurch Hospital",9.82721143498245,"The Princess Margaret Hospital",7.21753679306503,"Burwood Hospital",13.8715994586017,"Christchurch Hospital",9.82721143498245,9,1,0,0,0
"Mackenzie",363,14,"Theft and Related Offences","Hospice South Canterbury",68.2093478991678,"Timaru Hospital",72.2591309060894,"Tuarangi Home",104.303643862224,"Tuarangi Home",104.303643862224,"Timaru Hospital",72.2591309060894,"Timaru Hospital",72.2591309060894,"Burwood Hospital",189.585337075803,"Bidwill Trust Hospital",70.5368740773896,6.5,2,0,0,0
"Mairaki",13,2,"Theft and Related Offences","Oxford Hospital",11.5324843634425,"Christchurch Hospital",34.34557689821,"Tuarangi Home",81.2035433709475,"Oxford Hospital",11.5324843634425,"Rangiora Hospital",21.0186290116197,"Hillmorton Hospital",34.4007436794163,"Burwood Hospital",34.1748477427714,"St George's Hospital",32.1105747754912,NA,NA,NA,NA,NA
"Mairehau",40,26,"Theft and Related Offences","Nurse Maude Hospice",1.84554042300255,"Christchurch Hospital",3.77291352025347,"Tuarangi Home",84.3232172231494,"Burwood Hospital",4.06969163096047,"St George's Hospital",1.98483500351108,"Hillmorton Hospital",6.72482846886628,"Burwood Hospital",4.06969163096047,"St George's Hospital",1.98483500351108,7,1,0,0,0
"Mairehau North",45,51,"Theft and Related Offences","Burwood Hospital",2.83484062790878,"Christchurch Hospital",5.1844507670011,"Tuarangi Home",85.6071883055175,"Burwood Hospital",2.83484062790878,"St George's Hospital",3.26884197643017,"Hillmorton Hospital",8.15255360238999,"Burwood Hospital",2.83484062790878,"Burwood Hospital",2.83484062790878,4,0,1,0,0
"Malvern",214,23,"Theft and Related Offences","Darfield Hospital",28.6231835758417,"Christchurch Hospital",67.7845045737735,"Tuarangi Home",63.479067454926,"Darfield Hospital",28.6231835758417,"Rangiora Hospital",61.905889070169,"Hillmorton Hospital",66.2744109794277,"Burwood Hospital",70.770911698257,"St George's Hospital",66.5445107716756,8.2,5,0,0,0
"Mandeville",56,8,"Unlawful Entry With Intent/Burglary, Break and Enter","Rangiora Hospital",12.8258293337177,"Christchurch Hospital",18.0710967624769,"Tuarangi Home",84.0235664347392,"Burwood Hospital",16.7315907819852,"Rangiora Hospital",12.8258293337177,"Hillmorton Hospital",19.0333451446455,"Burwood Hospital",16.7315907819852,"St George's Hospital",15.5149224646415,10,1,0,0,0
"Mansfield",8,13,"Unlawful Entry With Intent/Burglary, Break and Enter","Burwood Hospital",10.4521391511004,"Christchurch Hospital",15.9669155279043,"Tuarangi Home",91.9458890492291,"Burwood Hospital",10.4521391511004,"Rangiora Hospital",12.2229579989583,"Hillmorton Hospital",18.4389837595387,"Burwood Hospital",10.4521391511004,"Burwood Hospital",10.4521391511004,4,0,1,0,1
"Maori Park",55,15,"Unlawful Entry With Intent/Burglary, Break and Enter","Hospice South Canterbury",2.15699296393733,"Timaru Hospital",2.472567273925,"Tuarangi Home",67.288945693705,"Tuarangi Home",67.288945693705,"Timaru Hospital",2.472567273925,"Timaru Hospital",2.472567273925,"Burwood Hospital",153.11325657392,"Bidwill Trust Hospital",0.695314113943477,6,1,0,0,0
"Marchwiel",53,36,"Theft and Related Offences","Hospice South Canterbury",1.51055408268034,"Timaru Hospital",3.75719259859499,"Tuarangi Home",66.996421069244,"Tuarangi Home",66.996421069244,"Timaru Hospital",3.75719259859499,"Timaru Hospital",3.75719259859499,"Burwood Hospital",153.083837735412,"Bidwill Trust Hospital",1.88998291003129,5,3,1,0,0
"Mcleans Island",37,9,"Unlawful Entry With Intent/Burglary, Break and Enter","Nurse Maude Hospice",9.78919775946157,"Christchurch Hospital",11.07189366519,"Tuarangi Home",76.7377983312767,"Burwood Hospital",14.2094910515917,"St George's Hospital",9.52370505243883,"Hillmorton Hospital",10.5720242362712,"Burwood Hospital",14.2094910515917,"St George's Hospital",9.52370505243883,NA,NA,NA,NA,NA
"Merivale",86,171,"Theft and Related Offences","Nurse Maude Hospice",0.624332696613873,"Christchurch Hospital",1.95981503782084,"Tuarangi Home",82.0704636722434,"Burwood Hospital",6.34680274118722,"St George's Hospital",0.770686430657139,"Hillmorton Hospital",4.51379011561452,"Burwood Hospital",6.34680274118722,"St George's Hospital",0.770686430657139,8.8,2,1,1,1
"Merrin",16,45,"Theft and Related Offences","Nurse Maude Hospice",5.02579808007703,"Christchurch Hospital",5.91347008405126,"Tuarangi Home",78.3914583450249,"Burwood Hospital",10.425832086217,"St George's Hospital",4.78966488640599,"Hillmorton Hospital",5.62723491954491,"Burwood Hospital",10.425832086217,"St George's Hospital",4.78966488640599,8,1,0,0,0
"Methven",14,12,"Unlawful Entry With Intent/Burglary, Break and Enter","Ashburton Hospital",30.476121673461,"Christchurch Hospital",79.7837271029915,"Tuarangi Home",31.868355999624,"Tuarangi Home",31.868355999624,"Ashburton Hospital",30.476121673461,"Hillmorton Hospital",77.1812433028242,"Burwood Hospital",85.4268509521642,"St George's Hospital",79.7607861051741,8.66666666666667,2,1,0,0
"Middleton",214,199,"Theft and Related Offences","Christchurch Hospital",3.2503426434066,"Christchurch Hospital",3.2503426434066,"Tuarangi Home",78.1274253674677,"Burwood Hospital",10.4188623969735,"Christchurch Hospital",3.2503426434066,"Hillmorton Hospital",1.16835936553283,"Burwood Hospital",10.4188623969735,"Christchurch Hospital",3.2503426434066,NA,NA,NA,NA,NA
"Mona Vale",112,186,"Theft and Related Offences","Christchurch Hospital",1.85706936759973,"Christchurch Hospital",1.85706936759973,"Tuarangi Home",80.1448752450817,"Burwood Hospital",8.29960167575061,"Christchurch Hospital",1.85706936759973,"Hillmorton Hospital",2.7670352372438,"Burwood Hospital",8.29960167575061,"Christchurch Hospital",1.85706936759973,6.5,1,1,0,0
"Moncks Bay",39,21,"Theft and Related Offences","Southern Cross Hospital Christchurch",9.95529773408688,"Christchurch Hospital",9.98818216225922,"Tuarangi Home",87.837563408739,"Burwood Hospital",10.4516084241291,"Christchurch Hospital",9.98818216225922,"The Princess Margaret Hospital",9.77353502389709,"Burwood Hospital",10.4516084241291,"Forte Health Hospital",9.44259718280716,10,1,0,0,0
"Mt Pleasant",37,19,"Theft and Related Offences","Christchurch Hospital",8.13725311651749,"Christchurch Hospital",8.13725311651749,"Tuarangi Home",86.4125193761503,"Burwood Hospital",9.35457903493508,"Christchurch Hospital",8.13725311651749,"The Princess Margaret Hospital",8.01187926128538,"Burwood Hospital",9.35457903493508,"Forte Health Hospital",7.64616099930241,10,1,0,0,0
"Mt Somers",129,27,"Theft and Related Offences","Ashburton Hospital",28.5495409491414,"Timaru Hospital",83.4772155853745,"Tuarangi Home",29.9313082781453,"Tuarangi Home",29.9313082781453,"Ashburton Hospital",28.5495409491414,"Timaru Hospital",83.4772155853745,"Burwood Hospital",94.8000545899363,"Bidwill Trust Hospital",82.3380419736467,8.33333333333333,3,0,0,0
"Netherby",21,31,"Theft and Related Offences","Tuarangi Home",0.990709209004965,"Timaru Hospital",69.3615866286165,"Tuarangi Home",0.990709209004965,"Tuarangi Home",0.990709209004965,"Ashburton Hospital",1.50615542545476,"Timaru Hospital",69.3615866286165,"Burwood Hospital",87.4077776177454,"Bidwill Trust Hospital",68.80982953157,3,1,0,0,0
"New Brighton",45,64,"Unlawful Entry With Intent/Burglary, Break and Enter","Burwood Hospital",5.04511660762127,"Christchurch Hospital",8.78774591858688,"Tuarangi Home",89.8409741069689,"Burwood Hospital",5.04511660762127,"Christchurch Hospital",8.78774591858688,"The Princess Margaret Hospital",11.046279139505,"Burwood Hospital",5.04511660762127,"Burwood Hospital",5.04511660762127,9,1,0,0,0
"North Beach",54,90,"Theft and Related Offences","Burwood Hospital",2.65930529435058,"Christchurch Hospital",8.64901994248225,"Tuarangi Home",89.9635039612181,"Burwood Hospital",2.65930529435058,"St George's Hospital",7.93024515464322,"The Princess Margaret Hospital",11.768569593711,"Burwood Hospital",2.65930529435058,"Burwood Hospital",2.65930529435058,5,1,2,0,0
"Northcote",129,539,"Theft and Related Offences","Nurse Maude Hospice",2.65813859052238,"Christchurch Hospital",5.19263969093293,"Tuarangi Home",83.2402027652968,"Burwood Hospital",5.74967044782826,"St George's Hospital",2.46396036882416,"Hillmorton Hospital",7.31915280392699,"Burwood Hospital",5.74967044782826,"St George's Hospital",2.46396036882416,8,1,1,0,0
"Oaklands East",24,129,"Theft and Related Offences","Christchurch Hospital",6.97946320136574,"Christchurch Hospital",6.97946320136574,"Tuarangi Home",74.5040901245611,"Burwood Hospital",14.421753402143,"Christchurch Hospital",6.97946320136574,"Hillmorton Hospital",3.83332674021261,"Burwood Hospital",14.421753402143,"Christchurch Hospital",6.97946320136574,9,1,0,0,0
"Oaklands West",29,6,"Acts Intended to Cause Injury","Christchurch Hospital",7.73822038312984,"Christchurch Hospital",7.73822038312984,"Tuarangi Home",73.6032323917582,"Burwood Hospital",14.8967879999011,"Christchurch Hospital",7.73822038312984,"Hillmorton Hospital",4.7549316424844,"Burwood Hospital",14.8967879999011,"Christchurch Hospital",7.73822038312984,NA,NA,NA,NA,NA
"Ohoka",24,9,"Theft and Related Offences","Rangiora Hospital",11.6088617125818,"Christchurch Hospital",16.0348077769034,"Tuarangi Home",87.6497535067366,"Burwood Hospital",12.8478913708822,"Rangiora Hospital",11.6088617125818,"Hillmorton Hospital",17.7709571139435,"Burwood Hospital",12.8478913708822,"Burwood Hospital",12.8478913708822,10,1,0,0,0
"Okuku",17,2,"Unlawful Entry With Intent/Burglary, Break and Enter","Oxford Hospital",14.9781191790565,"Christchurch Hospital",41.3568117824361,"Tuarangi Home",89.4428197727846,"Oxford Hospital",14.9781191790565,"Rangiora Hospital",21.515126955584,"Hillmorton Hospital",41.9116556444482,"Burwood Hospital",39.7916333553061,"St George's Hospital",38.8802696807184,NA,NA,NA,NA,NA
"Omarama",16,7,"Theft and Related Offences","Hospice South Canterbury",99.4452975268962,"Timaru Hospital",102.431298118918,"Tuarangi Home",155.744143741402,"Tuarangi Home",155.744143741402,"Timaru Hospital",102.431298118918,"Timaru Hospital",102.431298118918,"Burwood Hospital",243.695659568567,"Bidwill Trust Hospital",101.456369412831,NA,NA,NA,NA,NA
"Opawa",102,126,"Theft and Related Offences","Christchurch Hospital",3.53900515214329,"Christchurch Hospital",3.53900515214329,"Tuarangi Home",82.8357931775371,"Burwood Hospital",8.03696144342411,"Christchurch Hospital",3.53900515214329,"The Princess Margaret Hospital",3.95686963466603,"Burwood Hospital",8.03696144342411,"Forte Health Hospital",3.48351800572133,5.75,2,0,2,0
"Orari",266,19,"Theft and Related Offences","Hospice South Canterbury",28.1680589317985,"Timaru Hospital",30.3914199437592,"Tuarangi Home",46.5999342117089,"Tuarangi Home",46.5999342117089,"Timaru Hospital",30.3914199437592,"Timaru Hospital",30.3914199437592,"Burwood Hospital",134.983697748205,"Bidwill Trust Hospital",28.9215244878791,7,3,0,0,0
"Otematata",4,2,"Unlawful Entry With Intent/Burglary, Break and Enter","Hospice South Canterbury",83.8640448196216,"Timaru Hospital",86.2808539355406,"Tuarangi Home",145.838793569832,"Tuarangi Home",145.838793569832,"Timaru Hospital",86.2808539355406,"Timaru Hospital",86.2808539355406,"Burwood Hospital",234.223110877268,"Bidwill Trust Hospital",85.6163049043844,NA,NA,NA,NA,NA
"Otipua Creek-Washdyke Flat",32,5,"Unlawful Entry With Intent/Burglary, Break and Enter","Hospice South Canterbury",2.18812940869966,"Timaru Hospital",6.08771153030684,"Tuarangi Home",67.3993092799017,"Tuarangi Home",67.3993092799017,"Timaru Hospital",6.08771153030684,"Timaru Hospital",6.08771153030684,"Burwood Hospital",153.943233494684,"Bidwill Trust Hospital",4.21732274888756,NA,NA,NA,NA,NA
"Oxford",22,13,"Theft and Related Offences","Oxford Hospital",0.824790211431774,"Christchurch Hospital",44.273848573881,"Tuarangi Home",75.9278048192381,"Oxford Hospital",0.824790211431774,"Rangiora Hospital",33.1198493663318,"Hillmorton Hospital",43.7182138360075,"Burwood Hospital",45.2849625522874,"St George's Hospital",42.3622713486474,7,0,0,1,0
"Papanui",93,192,"Theft and Related Offences","Nurse Maude Hospice",1.96191610110183,"Christchurch Hospital",4.37148271730553,"Tuarangi Home",82.4138599520321,"Burwood Hospital",6.28709150933017,"St George's Hospital",1.71714467756779,"Hillmorton Hospital",6.33098161225258,"Burwood Hospital",6.28709150933017,"St George's Hospital",1.71714467756779,7.5,1,0,1,0
"Paparua",48,167,"Theft and Related Offences","Nurse Maude Hospice",12.7120272907752,"Christchurch Hospital",12.7276764494652,"Tuarangi Home",70.8635650416017,"Burwood Hospital",18.3041605144504,"Lincoln Maternity Hospital",11.6478625618828,"Hillmorton Hospital",10.6384341720991,"Burwood Hospital",18.3041605144504,"St George's Hospital",12.5092934458664,NA,NA,NA,NA,NA
"Pareora",4,9,"Unlawful Entry With Intent/Burglary, Break and Enter","Timaru Hospital",9.22053510487845,"Timaru Hospital",9.22053510487845,"Tuarangi Home",77.3918537645684,"Tuarangi Home",77.3918537645684,"Timaru Hospital",9.22053510487845,"Timaru Hospital",9.22053510487845,"Burwood Hospital",162.014425895731,"Timaru Hospital",9.22053510487845,NA,NA,NA,NA,NA
"Parklands",41,46,"Theft and Related Offences","Burwood Hospital",1.26042162440379,"Christchurch Hospital",8.46455049850644,"Tuarangi Home",89.5512083591425,"Burwood Hospital",1.26042162440379,"St George's Hospital",7.22351065192615,"Hillmorton Hospital",11.6071461652776,"Burwood Hospital",1.26042162440379,"Burwood Hospital",1.26042162440379,8,1,0,0,0
"Parkside",87,138,"Theft and Related Offences","Timaru Hospital",0.695598941807894,"Timaru Hospital",0.695598941807894,"Tuarangi Home",68.3604459066705,"Tuarangi Home",68.3604459066705,"Timaru Hospital",0.695598941807894,"Timaru Hospital",0.695598941807894,"Burwood Hospital",153.837864630731,"Timaru Hospital",0.695598941807894,6,1,2,0,0
"Parnassus",123,6,"Acts Intended to Cause Injury","Kaikoura Hospital",47.5241305490514,"Christchurch Hospital",105.174305433015,"Tuarangi Home",181.17080547967,"Kaikoura Hospital",47.5241305490514,"Kaikoura Hospital",47.5241305490514,"Hillmorton Hospital",108.189018573339,"Burwood Hospital",97.7678078933836,"Burwood Hospital",97.7678078933836,NA,NA,NA,NA,NA
"Pegasus",25,13,"Theft and Related Offences","Rangiora Hospital",7.4885198773663,"Christchurch Hospital",25.2066773130149,"Tuarangi Home",99.7065987024585,"Burwood Hospital",19.0129866967624,"Rangiora Hospital",7.4885198773663,"Hillmorton Hospital",27.7488236789287,"Burwood Hospital",19.0129866967624,"Burwood Hospital",19.0129866967624,10,1,0,0,0
"Phillipstown",174,145,"Theft and Related Offences","Southern Cross Hospital Christchurch",2.81859990749239,"Christchurch Hospital",2.914670367806,"Tuarangi Home",83.6470163453301,"Burwood Hospital",6.41635701033125,"Christchurch Hospital",2.914670367806,"The Princess Margaret Hospital",5.05680854264899,"Burwood Hospital",6.41635701033125,"Forte Health Hospital",2.25808324285799,NA,NA,NA,NA,NA
"Pines-Kairaki Beach",7,4,"Acts Intended to Cause Injury","Burwood Hospital",11.0169816803056,"Christchurch Hospital",17.8665536096731,"Tuarangi Home",95.9964296156034,"Burwood Hospital",11.0169816803056,"Rangiora Hospital",13.8516788386274,"Hillmorton Hospital",20.7097636982471,"Burwood Hospital",11.0169816803056,"Burwood Hospital",11.0169816803056,NA,NA,NA,NA,NA
"Plains Railway",23,5,"Acts Intended to Cause Injury","Tuarangi Home",4.1693040241013,"Timaru Hospital",64.6957954102285,"Tuarangi Home",4.1693040241013,"Tuarangi Home",4.1693040241013,"Ashburton Hospital",4.49866977566472,"Timaru Hospital",64.6957954102285,"Burwood Hospital",92.5540328696096,"Bidwill Trust Hospital",64.0872636495995,NA,NA,NA,NA,NA
"Pleasant Point",12,14,"Theft and Related Offences","Hospice South Canterbury",15.4635934885977,"Timaru Hospital",19.1994829049566,"Tuarangi Home",63.3532623437544,"Tuarangi Home",63.3532623437544,"Timaru Hospital",19.1994829049566,"Timaru Hospital",19.1994829049566,"Burwood Hospital",151.490811999954,"Bidwill Trust Hospital",17.3231756420252,8.5,2,0,0,0
"Port Levy",5,NA,NA,"Christchurch Hospital",20.0277645411303,"Christchurch Hospital",20.0277645411303,"Tuarangi Home",88.3959318748544,"Burwood Hospital",22.0710147052847,"Christchurch Hospital",20.0277645411303,"The Princess Margaret Hospital",17.7005511814872,"Burwood Hospital",22.0710147052847,"Forte Health Hospital",19.9917298189401,NA,NA,NA,NA,NA
"Prebbleton",20,12,"Unlawful Entry With Intent/Burglary, Break and Enter","Christchurch Hospital",10.7959835872962,"Christchurch Hospital",10.7959835872962,"Tuarangi Home",70.5284070545551,"Burwood Hospital",18.0089721012396,"Lincoln Maternity Hospital",5.93645642998353,"Hillmorton Hospital",7.72654944992107,"Burwood Hospital",18.0089721012396,"Christchurch Hospital",10.7959835872962,10,1,0,0,0
"Prestons",97,147,"Theft and Related Offences","Burwood Hospital",1.78787339692504,"Christchurch Hospital",6.94835782937409,"Tuarangi Home",87.1990740586193,"Burwood Hospital",1.78787339692504,"St George's Hospital",4.96939961849487,"Hillmorton Hospital",9.92482351511674,"Burwood Hospital",1.78787339692504,"Burwood Hospital",1.78787339692504,9,1,0,0,0
"Rakaia",35,17,"Theft and Related Offences","Ellesmere Hospital",22.4628558446293,"Christchurch Hospital",54.3514978637444,"Tuarangi Home",27.3116712906493,"Ellesmere Hospital",22.4628558446293,"Ashburton Hospital",27.0218885139263,"Hillmorton Hospital",51.3104640006361,"Burwood Hospital",61.2760157093428,"Christchurch Hospital",54.3514978637444,6,1,0,0,0
"Rangiora Central",39,24,"Theft and Related Offences","Rangiora Hospital",2.4079020590208,"Christchurch Hospital",24.9435482464352,"Tuarangi Home",94.560304724527,"Burwood Hospital",20.3736238499343,"Rangiora Hospital",2.4079020590208,"Hillmorton Hospital",26.8990945151073,"Burwood Hospital",20.3736238499343,"Burwood Hospital",20.3736238499343,7,1,0,0,0
"Rangiora East",40,177,"Theft and Related Offences","Rangiora Hospital",2.17938693348104,"Christchurch Hospital",25.1834968106821,"Tuarangi Home",95.095004864638,"Burwood Hospital",20.4783627109274,"Rangiora Hospital",2.17938693348104,"Hillmorton Hospital",27.1844082839016,"Burwood Hospital",20.4783627109274,"Burwood Hospital",20.4783627109274,9,1,0,0,0
"Rangiora North",44,52,"Theft and Related Offences","Rangiora Hospital",1.44879025391921,"Christchurch Hospital",25.9330805458388,"Tuarangi Home",95.0921012196024,"Burwood Hospital",21.3595084825094,"Rangiora Hospital",1.44879025391921,"Hillmorton Hospital",27.8736312795102,"Burwood Hospital",21.3595084825094,"Burwood Hospital",21.3595084825094,9,1,1,0,0
"Rangiora West",17,10,"Theft and Related Offences","Rangiora Hospital",2.25999005698435,"Christchurch Hospital",25.2613053765655,"Tuarangi Home",94.2562469285188,"Burwood Hospital",20.8463233627762,"Rangiora Hospital",2.25999005698435,"Hillmorton Hospital",27.1546134873386,"Burwood Hospital",20.8463233627762,"Burwood Hospital",20.8463233627762,NA,NA,NA,NA,NA
"Rapaki Track",34,49,"Theft and Related Offences","Christchurch Hospital",5.77031363915433,"Christchurch Hospital",5.77031363915433,"Tuarangi Home",83.1670875268642,"Burwood Hospital",9.70258189218761,"Christchurch Hospital",5.77031363915433,"The Princess Margaret Hospital",4.70214046054915,"Burwood Hospital",9.70258189218761,"Christchurch Hospital",5.77031363915433,NA,NA,NA,NA,NA
"Ravenswood",10,10,"Unlawful Entry With Intent/Burglary, Break and Enter","Rangiora Hospital",6.98531404692233,"Christchurch Hospital",25.2791135274128,"Tuarangi Home",99.4540133316776,"Burwood Hospital",19.1802725757052,"Rangiora Hospital",6.98531404692233,"Hillmorton Hospital",27.7857568714366,"Burwood Hospital",19.1802725757052,"Burwood Hospital",19.1802725757052,NA,NA,NA,NA,NA
"Rawhiti",82,224,"Acts Intended to Cause Injury","Burwood Hospital",3.45869892710208,"Christchurch Hospital",8.19603957002913,"Tuarangi Home",89.4921285226697,"Burwood Hospital",3.45869892710208,"St George's Hospital",7.87674318609675,"The Princess Margaret Hospital",10.9912781136364,"Burwood Hospital",3.45869892710208,"Burwood Hospital",3.45869892710208,6,1,0,0,0
"Redruth",4,21,"Theft and Related Offences","Timaru Hospital",1.28011766700825,"Timaru Hospital",1.28011766700825,"Tuarangi Home",69.6819788951031,"Tuarangi Home",69.6819788951031,"Timaru Hospital",1.28011766700825,"Timaru Hospital",1.28011766700825,"Burwood Hospital",155.003666063036,"Timaru Hospital",1.28011766700825,NA,NA,NA,NA,NA
"Redwood North",54,45,"Theft and Related Offences","Nurse Maude Hospice",4.14894605143266,"Christchurch Hospital",6.70809421087887,"Tuarangi Home",84.6891140491805,"Burwood Hospital",5.13026891903693,"St George's Hospital",4.00956956789153,"Hillmorton Hospital",9.02163325338493,"Burwood Hospital",5.13026891903693,"St George's Hospital",4.00956956789153,8,1,0,0,0
"Redwood South",82,65,"Theft and Related Offences","Nurse Maude Hospice",2.85995878233244,"Christchurch Hospital",5.42150451543992,"Tuarangi Home",83.9036647751773,"Burwood Hospital",5.12942188230925,"St George's Hospital",2.71557929107635,"Hillmorton Hospital",7.75089417763423,"Burwood Hospital",5.12942188230925,"St George's Hospital",2.71557929107635,7.5,1,1,0,0
"Riccarton",173,454,"Theft and Related Offences","Christchurch Hospital",1.88797202003218,"Christchurch Hospital",1.88797202003218,"Tuarangi Home",79.7545579761638,"Burwood Hospital",8.73909317039753,"Christchurch Hospital",1.88797202003218,"Hillmorton Hospital",2.22305808774184,"Burwood Hospital",8.73909317039753,"Christchurch Hospital",1.88797202003218,3,1,0,0,0
"Riccarton South",151,74,"Theft and Related Offences","Christchurch Hospital",1.52846407327142,"Christchurch Hospital",1.52846407327142,"Tuarangi Home",79.7989040907056,"Burwood Hospital",8.90209864450978,"Christchurch Hospital",1.52846407327142,"Hillmorton Hospital",1.70831190932283,"Burwood Hospital",8.90209864450978,"Christchurch Hospital",1.52846407327142,NA,NA,NA,NA,NA
"Riccarton West",70,57,"Theft and Related Offences","Christchurch Hospital",2.62494063584515,"Christchurch Hospital",2.62494063584515,"Tuarangi Home",79.0953000679512,"Burwood Hospital",9.34672508383939,"Christchurch Hospital",2.62494063584515,"Hillmorton Hospital",2.13235487166885,"Burwood Hospital",9.34672508383939,"Christchurch Hospital",2.62494063584515,NA,NA,NA,NA,NA
"Richmond North",70,57,"Theft and Related Offences","Southern Cross Hospital Christchurch",2.02833533494876,"Christchurch Hospital",3.50538559670159,"Tuarangi Home",84.7609220414478,"Burwood Hospital",4.04343925709029,"St George's Hospital",3.05486562354974,"Hillmorton Hospital",6.65213156382722,"Burwood Hospital",4.04343925709029,"Southern Cross Hospital Christchurch",2.02833533494876,4,0,0,0,1
"Richmond South",60,204,"Theft and Related Offences","Southern Cross Hospital Christchurch",1.6419579160108,"Christchurch Hospital",2.85020144327361,"Tuarangi Home",84.173184813118,"Burwood Hospital",4.85262523371697,"Christchurch Hospital",2.85020144327361,"Hillmorton Hospital",5.97890568828837,"Burwood Hospital",4.85262523371697,"Forte Health Hospital",1.52550279286872,99,1,0,0,0
"Rolleston Central",32,22,"Unlawful Entry With Intent/Burglary, Break and Enter","Ellesmere Hospital",18.9592876595443,"Christchurch Hospital",20.9618655475698,"Tuarangi Home",60.9265288908846,"Ellesmere Hospital",18.9592876595443,"Lincoln Maternity Hospital",9.82390352213844,"Hillmorton Hospital",18.0891092062713,"Burwood Hospital",27.6193128862555,"Christchurch Hospital",20.9618655475698,NA,NA,NA,NA,NA
"Rolleston North East",58,183,"Theft and Related Offences","Ellesmere Hospital",19.6859134685002,"Christchurch Hospital",20.3395794764652,"Tuarangi Home",61.64559550221,"Ellesmere Hospital",19.6859134685002,"Lincoln Maternity Hospital",9.71657715025135,"Hillmorton Hospital",17.4983010855377,"Burwood Hospital",26.9401466787277,"Christchurch Hospital",20.3395794764652,10,1,0,0,0
"Rolleston North West",25,6,"Acts Intended to Cause Injury","Ellesmere Hospital",18.2942181652829,"Christchurch Hospital",22.2736547383068,"Tuarangi Home",59.7021512216875,"Ellesmere Hospital",18.2942181652829,"Lincoln Maternity Hospital",10.8796814392342,"Hillmorton Hospital",19.4070217044605,"Burwood Hospital",28.899282078595,"Christchurch Hospital",22.2736547383068,NA,NA,NA,NA,NA
"Rolleston South East",43,35,"Theft and Related Offences","Ellesmere Hospital",18.0820821200413,"Christchurch Hospital",20.131830997297,"Tuarangi Home",61.3317981716204,"Ellesmere Hospital",18.0820821200413,"Lincoln Maternity Hospital",7.79912320958999,"Hillmorton Hospital",17.140167343777,"Burwood Hospital",27.0617945731808,"Christchurch Hospital",20.131830997297,8.8,3,1,0,1
"Rolleston South West",13,7,"Theft and Related Offences","Ellesmere Hospital",17.5868960324475,"Christchurch Hospital",21.9018319636408,"Tuarangi Home",59.7753275898868,"Ellesmere Hospital",17.5868960324475,"Lincoln Maternity Hospital",9.83650484626597,"Hillmorton Hospital",18.9664033056044,"Burwood Hospital",28.6847252422886,"Christchurch Hospital",21.9018319636408,10,1,0,0,0
"Russley",71,44,"Theft and Related Offences","Nurse Maude Hospice",5.23098879708659,"Christchurch Hospital",6.691829721864,"Tuarangi Home",79.3227830053083,"Burwood Hospital",10.0106045624099,"St George's Hospital",4.96550210542441,"Hillmorton Hospital",6.94072194875988,"Burwood Hospital",10.0106045624099,"St George's Hospital",4.96550210542441,10,1,0,0,0
"Rutland",103,42,"Unlawful Entry With Intent/Burglary, Break and Enter","Nurse Maude Hospice",0.848770062006402,"Christchurch Hospital",3.25901549418249,"Tuarangi Home",83.2623201524413,"Burwood Hospital",5.13542100666536,"St George's Hospital",0.908978251838341,"Hillmorton Hospital",5.94683703983246,"Burwood Hospital",5.13542100666536,"St George's Hospital",0.908978251838341,9,1,0,0,0
"Sawyers Arms",107,67,"Theft and Related Offences","Nurse Maude Hospice",5.40076090023713,"Christchurch Hospital",7.77146281323427,"Tuarangi Home",82.7092788789066,"Burwood Hospital",7.91085456646609,"St George's Hospital",5.16032733207132,"Hillmorton Hospital",9.25764177289193,"Burwood Hospital",7.91085456646609,"St George's Hospital",5.16032733207132,8,0,0,1,0
"Seaview",171,195,"Theft and Related Offences","Timaru Hospital",1.574787408599,"Timaru Hospital",1.574787408599,"Tuarangi Home",67.7181210509965,"Tuarangi Home",67.7181210509965,"Timaru Hospital",1.574787408599,"Timaru Hospital",1.574787408599,"Burwood Hospital",153.366843326332,"Bidwill Trust Hospital",0.404301958263143,NA,NA,NA,NA,NA
"Sefton",45,11,"Acts Intended to Cause Injury","Rangiora Hospital",8.61216698041163,"Christchurch Hospital",31.1705147848537,"Tuarangi Home",104.303157977401,"Burwood Hospital",24.9356802246362,"Rangiora Hospital",8.61216698041163,"Hillmorton Hospital",33.6838549318955,"Burwood Hospital",24.9356802246362,"Burwood Hospital",24.9356802246362,7,1,0,0,0
"Selwyn-Rakaia",187,23,"Theft and Related Offences","Ellesmere Hospital",9.70266712475739,"Christchurch Hospital",40.3964142379952,"Tuarangi Home",40.9279914028255,"Ellesmere Hospital",9.70266712475739,"Lincoln Maternity Hospital",25.5591443159849,"Hillmorton Hospital",37.3092153658402,"Burwood Hospital",47.4967227965311,"Christchurch Hospital",40.3964142379952,NA,NA,NA,NA,NA
"Shirley East",93,534,"Theft and Related Offences","Burwood Hospital",2.75844243901507,"Christchurch Hospital",4.72144523572312,"Tuarangi Home",85.7664132455321,"Burwood Hospital",2.75844243901507,"St George's Hospital",3.54917867791812,"Hillmorton Hospital",7.84193367713872,"Burwood Hospital",2.75844243901507,"Burwood Hospital",2.75844243901507,NA,NA,NA,NA,NA
"Shirley West",102,105,"Unlawful Entry With Intent/Burglary, Break and Enter","Nurse Maude Hospice",2.52537010957682,"Christchurch Hospital",4.27987305992024,"Tuarangi Home",84.9998265837102,"Burwood Hospital",3.39867398677305,"St George's Hospital",2.66983400094189,"Hillmorton Hospital",7.30755011479692,"Burwood Hospital",3.39867398677305,"Southern Cross Hospital Christchurch",2.61036824995125,4.5,2,0,0,0
"Silverstream",13,8,"Theft and Related Offences","Rangiora Hospital",10.6690228865011,"Christchurch Hospital",17.2371798599611,"Tuarangi Home",92.1625522144142,"Burwood Hospital",11.9814492415825,"Rangiora Hospital",10.6690228865011,"Hillmorton Hospital",19.5945466478354,"Burwood Hospital",11.9814492415825,"Burwood Hospital",11.9814492415825,NA,NA,NA,NA,NA
"Sockburn",247,235,"Theft and Related Offences","Christchurch Hospital",5.10044987609571,"Christchurch Hospital",5.10044987609571,"Tuarangi Home",76.9387928707452,"Burwood Hospital",11.457522313045,"Christchurch Hospital",5.10044987609571,"Hillmorton Hospital",3.39480687361801,"Burwood Hospital",11.457522313045,"Christchurch Hospital",5.10044987609571,5.75,2,2,0,0
"Somerfield",49,32,"Theft and Related Offences","Christchurch Hospital",2.61228742246161,"Christchurch Hospital",2.61228742246161,"Tuarangi Home",80.4341015333822,"Burwood Hospital",9.39567898976914,"Christchurch Hospital",2.61228742246161,"The Princess Margaret Hospital",1.81940640235422,"Burwood Hospital",9.39567898976914,"Christchurch Hospital",2.61228742246161,8,1,0,0,0
"South Brighton",19,31,"Theft and Related Offences","Burwood Hospital",7.0622144518584,"Christchurch Hospital",9.06564386682441,"Tuarangi Home",89.3307127662061,"Burwood Hospital",7.0622144518584,"Christchurch Hospital",9.06564386682441,"The Princess Margaret Hospital",10.4609293421355,"Burwood Hospital",7.0622144518584,"Burwood Hospital",7.0622144518584,6,1,0,0,0
"Southbridge",4,2,"Theft and Related Offences","Ellesmere Hospital",7.05961588006433,"Christchurch Hospital",42.8264390817631,"Tuarangi Home",41.5240477371203,"Ellesmere Hospital",7.05961588006433,"Lincoln Maternity Hospital",27.1442405333418,"The Princess Margaret Hospital",39.6161401830054,"Burwood Hospital",50.283584153444,"Christchurch Hospital",42.8264390817631,8,1,0,0,0
"Southbrook",72,81,"Acts Intended to Cause Injury","Rangiora Hospital",4.15372397390744,"Christchurch Hospital",23.19069899467,"Tuarangi Home",93.7293514128324,"Burwood Hospital",18.5950115218111,"Rangiora Hospital",4.15372397390744,"Hillmorton Hospital",25.1875772164906,"Burwood Hospital",18.5950115218111,"Burwood Hospital",18.5950115218111,8,1,0,1,0
"Spreydon",98,202,"Theft and Related Offences","Christchurch Hospital",1.99493211850577,"Christchurch Hospital",1.99493211850577,"Tuarangi Home",79.9580099103301,"Burwood Hospital",9.31011562976275,"Christchurch Hospital",1.99493211850577,"Hillmorton Hospital",1.91270703107098,"Burwood Hospital",9.31011562976275,"Christchurch Hospital",1.99493211850577,5.5,1,0,0,1
"Springston",161,22,"Theft and Related Offences","Ellesmere Hospital",14.9768899266691,"Christchurch Hospital",21.3433601162062,"Tuarangi Home",60.1338383062807,"Ellesmere Hospital",14.9768899266691,"Lincoln Maternity Hospital",6.35052457433458,"Hillmorton Hospital",18.2098210251159,"Burwood Hospital",28.6563588775001,"Christchurch Hospital",21.3433601162062,10,2,0,0,0
"St Albans East",157,109,"Theft and Related Offences","Southern Cross Hospital Christchurch",0.602106048511151,"Christchurch Hospital",2.27039754247159,"Tuarangi Home",83.279293037623,"Burwood Hospital",5.268823748693,"St George's Hospital",1.67325457805781,"Hillmorton Hospital",5.33563003645609,"Burwood Hospital",5.268823748693,"Southern Cross Hospital Christchurch",0.602106048511151,8,1,0,0,0
"St Albans West",37,34,"Unlawful Entry With Intent/Burglary, Break and Enter","Southern Cross Hospital Christchurch",0.541243034625801,"Christchurch Hospital",1.91020405602284,"Tuarangi Home",82.6206127170768,"Burwood Hospital",5.85794320579844,"St George's Hospital",1.16600294139034,"Hillmorton Hospital",4.8120407420277,"Burwood Hospital",5.85794320579844,"Southern Cross Hospital Christchurch",0.541243034625801,NA,NA,NA,NA,NA
"St Andrews",2,1,"Theft and Related Offences","Timaru Hospital",14.7289091407454,"Timaru Hospital",14.7289091407454,"Tuarangi Home",82.7763096442998,"Tuarangi Home",82.7763096442998,"Timaru Hospital",14.7289091407454,"Timaru Hospital",14.7289091407454,"Burwood Hospital",166.995136447899,"Timaru Hospital",14.7289091407454,4,1,0,0,0
"St Martins",54,58,"Theft and Related Offences","Christchurch Hospital",3.6171105202727,"Christchurch Hospital",3.6171105202727,"Tuarangi Home",81.8241889578444,"Burwood Hospital",9.02529259336096,"Christchurch Hospital",3.6171105202727,"The Princess Margaret Hospital",2.93801935981375,"Burwood Hospital",9.02529259336096,"Christchurch Hospital",3.6171105202727,8,1,0,1,0
"Strowan",103,49,"Theft and Related Offences","Nurse Maude Hospice",1.00970231004917,"Christchurch Hospital",3.11762554141273,"Tuarangi Home",81.8592456611544,"Burwood Hospital",6.57455412704151,"St George's Hospital",0.745390125418983,"Hillmorton Hospital",5.11827076869627,"Burwood Hospital",6.57455412704151,"St George's Hospital",0.745390125418983,9.5,2,0,1,1
"Styx",148,56,"Theft and Related Offences","Burwood Hospital",5.79958168493404,"Christchurch Hospital",11.4504975811011,"Tuarangi Home",89.6100976596239,"Burwood Hospital",5.79958168493404,"St George's Hospital",8.98444403468656,"Hillmorton Hospital",14.1288486929001,"Burwood Hospital",5.79958168493404,"Burwood Hospital",5.79958168493404,8,1,0,0,0
"Styx Mill",41,54,"Theft and Related Offences","Nurse Maude Hospice",4.17802272422187,"Christchurch Hospital",6.73754226942784,"Tuarangi Home",84.2864269283722,"Burwood Hospital",5.60495817766214,"St George's Hospital",4.01207611776018,"Hillmorton Hospital",8.91428512001205,"Burwood Hospital",5.60495817766214,"St George's Hospital",4.01207611776018,3,1,0,0,0
"Sumner",28,48,"Theft and Related Offences","Christchurch Hospital",11.9800349362558,"Christchurch Hospital",11.9800349362558,"Tuarangi Home",88.7049264007082,"Burwood Hospital",12.3952255144,"Christchurch Hospital",11.9800349362558,"The Princess Margaret Hospital",11.3760374406841,"Burwood Hospital",12.3952255144,"Forte Health Hospital",11.4947029526609,7.66666666666667,2,0,0,1
"Sydenham",390,416,"Theft and Related Offences","Christchurch Hospital",1.70574677711594,"Christchurch Hospital",1.70574677711594,"Tuarangi Home",81.5114716144084,"Burwood Hospital",8.07090031876632,"Christchurch Hospital",1.70574677711594,"The Princess Margaret Hospital",3.14290838831313,"Burwood Hospital",8.07090031876632,"Christchurch Hospital",1.70574677711594,NA,NA,NA,NA,NA
"Taitapu",14,3,"Theft and Related Offences","Christchurch Hospital",15.7103800422455,"Christchurch Hospital",15.7103800422455,"Tuarangi Home",69.3420303433228,"Ellesmere Hospital",22.4169362981262,"Lincoln Maternity Hospital",5.89742666469077,"The Princess Margaret Hospital",11.764557505507,"Burwood Hospital",22.9775076193036,"Christchurch Hospital",15.7103800422455,10,1,0,0,0
"Templeton",30,9,"Theft and Related Offences","Christchurch Hospital",12.3590970650067,"Christchurch Hospital",12.3590970650067,"Tuarangi Home",69.8977622404891,"Burwood Hospital",18.681151149555,"Lincoln Maternity Hospital",9.13623352789463,"Hillmorton Hospital",9.81293469861522,"Burwood Hospital",18.681151149555,"Christchurch Hospital",12.3590970650067,8,1,0,0,0
"Temuka",46,47,"Theft and Related Offences","Hospice South Canterbury",16.8742017414681,"Timaru Hospital",18.6544926574754,"Tuarangi Home",53.0274602406687,"Tuarangi Home",53.0274602406687,"Timaru Hospital",18.6544926574754,"Timaru Hospital",18.6544926574754,"Burwood Hospital",140.587273257605,"Bidwill Trust Hospital",17.3058680168226,5.33333333333333,2,1,0,0
"Timaru Gardens",46,30,"Unlawful Entry With Intent/Burglary, Break and Enter","Timaru Hospital",0.663551660210766,"Timaru Hospital",0.663551660210766,"Tuarangi Home",69.0544412718436,"Tuarangi Home",69.0544412718436,"Timaru Hospital",0.663551660210766,"Timaru Hospital",0.663551660210766,"Burwood Hospital",154.395703131886,"Timaru Hospital",0.663551660210766,2,1,0,0,0
"Tinwald",62,26,"Unlawful Entry With Intent/Burglary, Break and Enter","Tuarangi Home",2.80153031564055,"Timaru Hospital",65.8661801598054,"Tuarangi Home",2.80153031564055,"Tuarangi Home",2.80153031564055,"Ashburton Hospital",3.26818890627612,"Timaru Hospital",65.8661801598054,"Burwood Hospital",91.1922025860644,"Bidwill Trust Hospital",65.2769290143514,6,1,0,0,0
"Travis",38,34,"Theft and Related Offences","Burwood Hospital",1.89316180339025,"Christchurch Hospital",6.7325572450435,"Tuarangi Home",88.0242186615951,"Burwood Hospital",1.89316180339025,"St George's Hospital",5.99757819788115,"Hillmorton Hospital",9.8716544331099,"Burwood Hospital",1.89316180339025,"Burwood Hospital",1.89316180339025,NA,NA,NA,NA,NA
"Travis Wetland",71,76,"Theft and Related Offences","Burwood Hospital",0.586852798522637,"Christchurch Hospital",7.33549782494028,"Tuarangi Home",88.412946341547,"Burwood Hospital",0.586852798522637,"St George's Hospital",6.10073396563063,"Hillmorton Hospital",10.4747485193,"Burwood Hospital",0.586852798522637,"Burwood Hospital",0.586852798522637,8,1,0,0,0
"Trents-Ladbrooks",142,10,"Theft and Related Offences","Christchurch Hospital",11.2829240406275,"Christchurch Hospital",11.2829240406275,"Tuarangi Home",70.0794747219948,"Burwood Hospital",18.3587578438805,"Lincoln Maternity Hospital",6.26172471287447,"Hillmorton Hospital",8.28614115256531,"Burwood Hospital",18.3587578438805,"Christchurch Hospital",11.2829240406275,10,1,0,0,0
"Tuahiwi",102,12,"Unlawful Entry With Intent/Burglary, Break and Enter","Rangiora Hospital",7.28492573244954,"Christchurch Hospital",20.9859118681576,"Tuarangi Home",94.6346191458326,"Burwood Hospital",15.5872294282881,"Rangiora Hospital",7.28492573244954,"Hillmorton Hospital",23.3046936048047,"Burwood Hospital",15.5872294282881,"Burwood Hospital",15.5872294282881,6,1,0,0,0
"Twizel Community",26,16,"Theft and Related Offences","Hospice South Canterbury",90.0253320951122,"Timaru Hospital",93.617684842805,"Tuarangi Home",138.063916787691,"Tuarangi Home",138.063916787691,"Timaru Hospital",93.617684842805,"Timaru Hospital",93.617684842805,"Burwood Hospital",224.696416567264,"Bidwill Trust Hospital",92.2712681113925,8,0,0,1,0
"Upper Riccarton",128,123,"Theft and Related Offences","Christchurch Hospital",4.09378668621461,"Christchurch Hospital",4.09378668621461,"Tuarangi Home",78.0861215351506,"Burwood Hospital",10.3075296714437,"Christchurch Hospital",4.09378668621461,"Hillmorton Hospital",3.04790624812709,"Burwood Hospital",10.3075296714437,"Christchurch Hospital",4.09378668621461,8,0,1,0,1
"Waiau",2,3,"Theft and Related Offences","Waikari Hospital",45.2881401553226,"Christchurch Hospital",103.478380239107,"Tuarangi Home",173.885171009769,"Waikari Hospital",45.2881401553226,"Kaikoura Hospital",59.2723198941353,"Hillmorton Hospital",106.238893383705,"Burwood Hospital",96.4801118610856,"Burwood Hospital",96.4801118610856,4,1,0,0,0
"Waihao",281,39,"Unlawful Entry With Intent/Burglary, Break and Enter","Timaru Hospital",39.1849330690454,"Timaru Hospital",39.1849330690454,"Tuarangi Home",107.330367757181,"Tuarangi Home",107.330367757181,"Timaru Hospital",39.1849330690454,"Timaru Hospital",39.1849330690454,"Burwood Hospital",190.778439970868,"Timaru Hospital",39.1849330690454,6.5,4,0,0,0
"Waikuku",2,7,"Unlawful Entry With Intent/Burglary, Break and Enter","Rangiora Hospital",9.37398961778071,"Christchurch Hospital",28.5077641377843,"Tuarangi Home",103.329546135106,"Burwood Hospital",21.9957087787601,"Rangiora Hospital",9.37398961778071,"Hillmorton Hospital",31.1462328703892,"Burwood Hospital",21.9957087787601,"Burwood Hospital",21.9957087787601,NA,NA,NA,NA,NA
"Waimairi Beach",21,55,"Theft and Related Offences","Burwood Hospital",2.28720848766053,"Christchurch Hospital",9.22003880930115,"Tuarangi Home",90.4257323523443,"Burwood Hospital",2.28720848766053,"St George's Hospital",8.15494873100415,"Hillmorton Hospital",12.3665559202289,"Burwood Hospital",2.28720848766053,"Burwood Hospital",2.28720848766053,6,1,0,0,0
"Waimataitai",85,77,"Theft and Related Offences","Hospice South Canterbury",1.94489192295,"Timaru Hospital",3.29250794225126,"Tuarangi Home",66.8302509809825,"Tuarangi Home",66.8302509809825,"Timaru Hospital",3.29250794225126,"Timaru Hospital",3.29250794225126,"Burwood Hospital",152.804866576174,"Bidwill Trust Hospital",1.49907017352057,NA,NA,NA,NA,NA
"Waimate",37,44,"Theft and Related Offences","Timaru Hospital",39.7994026778888,"Timaru Hospital",39.7994026778888,"Tuarangi Home",107.763531953724,"Tuarangi Home",107.763531953724,"Timaru Hospital",39.7994026778888,"Timaru Hospital",39.7994026778888,"Burwood Hospital",190.844290956677,"Timaru Hospital",39.7994026778888,4.25,3,1,0,0
"Wainoni",71,112,"Theft and Related Offences","Burwood Hospital",4.23668834001599,"Christchurch Hospital",5.38562399912293,"Tuarangi Home",86.5646637780646,"Burwood Hospital",4.23668834001599,"Christchurch Hospital",5.38562399912293,"The Princess Margaret Hospital",8.00786136911275,"Burwood Hospital",4.23668834001599,"Forte Health Hospital",4.19012986048491,1,0,0,1,0
"Wairarapa",64,27,"Theft and Related Offences","Nurse Maude Hospice",3.70258385480219,"Christchurch Hospital",5.05066407211909,"Tuarangi Home",79.836255252679,"Burwood Hospital",8.94315996413603,"St George's Hospital",3.44826767933823,"Hillmorton Hospital",5.56335772836649,"Burwood Hospital",8.94315996413603,"St George's Hospital",3.44826767933823,8,0,1,0,0
"Waltham",83,55,"Theft and Related Offences","Christchurch Hospital",2.30583114151793,"Christchurch Hospital",2.30583114151793,"Tuarangi Home",82.5422968880321,"Burwood Hospital",7.3851639909645,"Christchurch Hospital",2.30583114151793,"The Princess Margaret Hospital",3.94751989209391,"Burwood Hospital",7.3851639909645,"Forte Health Hospital",2.22920285201395,3,1,0,0,0
"Washdyke",69,42,"Acts Intended to Cause Injury","Hospice South Canterbury",3.51107922908816,"Timaru Hospital",5.61839232832105,"Tuarangi Home",64.9112586214285,"Tuarangi Home",64.9112586214285,"Timaru Hospital",5.61839232832105,"Timaru Hospital",5.61839232832105,"Burwood Hospital",151.224915627473,"Bidwill Trust Hospital",3.94130047609973,NA,NA,NA,NA,NA
"Watlington",27,26,"Theft and Related Offences","Timaru Hospital",1.79667286357948,"Timaru Hospital",1.79667286357948,"Tuarangi Home",69.2717363520388,"Tuarangi Home",69.2717363520388,"Timaru Hospital",1.79667286357948,"Timaru Hospital",1.79667286357948,"Burwood Hospital",154.915821638539,"Bidwill Trust Hospital",1.44148029713598,8,0,0,1,0
"West Eyreton",22,4,"Theft and Related Offences","Rangiora Hospital",16.4731015599144,"Christchurch Hospital",27.9576483012224,"Tuarangi Home",81.6092121512128,"Oxford Hospital",17.5552955364543,"Rangiora Hospital",16.4731015599144,"Hillmorton Hospital",28.2144243669067,"Burwood Hospital",27.5722796654768,"St George's Hospital",25.6461435023168,10,1,0,0,0
"West Melton",336,81,"Theft and Related Offences","Christchurch Hospital",16.6563134064698,"Christchurch Hospital",16.6563134064698,"Tuarangi Home",65.1974183842079,"Ellesmere Hospital",22.1749704608859,"Lincoln Maternity Hospital",7.84005465798234,"Hillmorton Hospital",13.8330439925359,"Burwood Hospital",23.2935304140123,"Christchurch Hospital",16.6563134064698,9.66666666666667,3,0,0,0
"Westburn",68,55,"Theft and Related Offences","Nurse Maude Hospice",4.2397475388339,"Christchurch Hospital",4.98149031604772,"Tuarangi Home",78.7698261261573,"Burwood Hospital",9.83726569548094,"St George's Hospital",4.02068945415582,"Hillmorton Hospital",4.81455226723585,"Burwood Hospital",9.83726569548094,"St George's Hospital",4.02068945415582,9,1,0,0,0
"Westhaven",46,16,"Unlawful Entry With Intent/Burglary, Break and Enter","Burwood Hospital",1.53599382097981,"Christchurch Hospital",5.94469541681365,"Tuarangi Home",86.9187200711711,"Burwood Hospital",1.53599382097981,"St George's Hospital",4.59987553503275,"Hillmorton Hospital",9.06221832379808,"Burwood Hospital",1.53599382097981,"Burwood Hospital",1.53599382097981,NA,NA,NA,NA,NA
"Westmorland",7,3,"Unlawful Entry With Intent/Burglary, Break and Enter","Christchurch Hospital",5.46081148965392,"Christchurch Hospital",5.46081148965392,"Tuarangi Home",77.2293135817119,"Burwood Hospital",12.7453864627721,"Christchurch Hospital",5.46081148965392,"The Princess Margaret Hospital",1.67766309080142,"Burwood Hospital",12.7453864627721,"Christchurch Hospital",5.46081148965392,NA,NA,NA,NA,NA
"Wharenui",85,67,"Theft and Related Offences","Christchurch Hospital",3.6016204812378,"Christchurch Hospital",3.6016204812378,"Tuarangi Home",78.2669676337721,"Burwood Hospital",10.1331678552577,"Christchurch Hospital",3.6016204812378,"Hillmorton Hospital",2.45580469810842,"Burwood Hospital",10.1331678552577,"Christchurch Hospital",3.6016204812378,9,0,0,1,0
"Wigram",249,121,"Theft and Related Offences","Christchurch Hospital",5.75541702006231,"Christchurch Hospital",5.75541702006231,"Tuarangi Home",75.7388687125699,"Burwood Hospital",12.6857959150266,"Christchurch Hospital",5.75541702006231,"Hillmorton Hospital",3.16173876300607,"Burwood Hospital",12.6857959150266,"Christchurch Hospital",5.75541702006231,4,1,0,0,0
"Winchester",8,4,"Theft and Related Offences","Hospice South Canterbury",22.5244593846441,"Timaru Hospital",24.5109297576557,"Tuarangi Home",49.197240054231,"Tuarangi Home",49.197240054231,"Timaru Hospital",24.5109297576557,"Timaru Hospital",24.5109297576557,"Burwood Hospital",137.29449666774,"Bidwill Trust Hospital",23.1108462233846,7,1,0,0,0
"Woodend",39,21,"Theft and Related Offences","Rangiora Hospital",6.89503788866048,"Christchurch Hospital",23.8566976778777,"Tuarangi Home",98.0281585366984,"Burwood Hospital",17.8951561936493,"Rangiora Hospital",6.89503788866048,"Hillmorton Hospital",26.3287004656656,"Burwood Hospital",17.8951561936493,"Burwood Hospital",17.8951561936493,8,1,0,0,0
"Woodend Beach",18,3,"Unlawful Entry With Intent/Burglary, Break and Enter","Rangiora Hospital",8.47498047031686,"Christchurch Hospital",21.8508504986006,"Tuarangi Home",96.9525464996195,"Burwood Hospital",15.7793054716572,"Rangiora Hospital",8.47498047031686,"Hillmorton Hospital",24.385938986932,"Burwood Hospital",15.7793054716572,"Burwood Hospital",15.7793054716572,NA,NA,NA,NA,NA
"Woodend West",2,NA,NA,"Rangiora Hospital",6.70098480674053,"Christchurch Hospital",23.6008498132246,"Tuarangi Home",97.6147522172805,"Burwood Hospital",17.7199616533705,"Rangiora Hospital",6.70098480674053,"Hillmorton Hospital",26.0471640999758,"Burwood Hospital",17.7199616533705,"Burwood Hospital",17.7199616533705,NA,NA,NA,NA,NA
"Woolston South",60,48,"Theft and Related Offences","Christchurch Hospital",4.96434479583152,"Christchurch Hospital",4.96434479583152,"Tuarangi Home",84.1173251714437,"Burwood Hospital",8.00527529843156,"Christchurch Hospital",4.96434479583152,"The Princess Margaret Hospital",5.26154237058421,"Burwood Hospital",8.00527529843156,"Forte Health Hospital",4.62886110252757,3,1,0,0,0
"Woolston West",79,137,"Theft and Related Offences","Southern Cross Hospital Christchurch",3.86179571584183,"Christchurch Hospital",3.96299336105945,"Tuarangi Home",84.3044608544054,"Burwood Hospital",6.6271832805178,"Christchurch Hospital",3.96299336105945,"The Princess Margaret Hospital",5.48786278592415,"Burwood Hospital",6.6271832805178,"Forte Health Hospital",3.32566620085617,1.5,1,0,0,1
"Yaldhurst",188,135,"Theft and Related Offences","Nurse Maude Hospice",7.1918189354131,"Christchurch Hospital",8.28849577660202,"Tuarangi Home",77.4627825430971,"Burwood Hospital",12.1274053698661,"St George's Hospital",6.9362281762101,"Hillmorton Hospital",7.81640337065015,"Burwood Hospital",12.1274053698661,"St George's Hospital",6.9362281762101,5,1,0,0,0
"Avon-Heathcote Estuary",NA,6,"Theft and Related Offences",NA,NA,NA,NA,NA,NA,NA,NA,NA,NA,NA,NA,NA,NA,NA,NA,NA,NA,NA,NA,NA
"Inlets-Banks Peninsula Bays",NA,1,"Acts Intended to Cause Injury",NA,NA,NA,NA,NA,NA,NA,NA,NA,NA,NA,NA,NA,NA,NA,NA,NA,NA,NA,NA,NA
"Chatham Islands",NA,NA,NA,NA,NA,NA,NA,NA,NA,NA,NA,NA,NA,NA,NA,NA,NA,NA,NA,5,3,0,0,0
"Mt Cook",NA,NA,NA,NA,NA,NA,NA,NA,NA,NA,NA,NA,NA,NA,NA,NA,NA,NA,NA,9,1,0,0,0
